,location,player,object,pos_x,pos_y,pos_z
0,Introhouse,103,Pre-War Book,145.8,235.087,273.802
1,Introhouse,103,Pot,322.0,2078.533,302.764
2,Bar,103,Sunset Sarsaparilla,1445.2,1776.811,611.707
3,Bar,103,Sunset Sarsaparilla,1446.4,1776.938,611.817
4,Bar,103,Sunset Sarsaparilla,1447.2,1777.278,612.384
5,Bar,103,Sunset Sarsaparilla,1450.8,1832.388,731.093
6,Bar,103,Sunset Sarsaparilla,1453.4,1903.365,784.445
7,Bar,103,Sunset Sarsaparilla,1456.2,1892.970,639.313
8,Bar,103,Sunset Sarsaparilla,1458.2,1875.246,546.979
9,Bar,103,Sunset Sarsaparilla,1460.8,1897.747,458.912
10,Bar,103,Sunset Sarsaparilla,1463.8,2009.338,517.811
11,Bar,103,Sunset Sarsaparilla,1464.8,2009.568,518.196
12,Introhouse,103,Pre-War Book,145.8,235.087,273.802
13,Introhouse,103,Pot,322.0,2078.533,302.764
14,Bar,103,Sunset Sarsaparilla,1445.2,1776.811,611.707
15,Bar,103,Sunset Sarsaparilla,1446.4,1776.938,611.817
16,Bar,103,Sunset Sarsaparilla,1447.2,1777.278,612.384
17,Bar,103,Sunset Sarsaparilla,1450.8,1832.388,731.093
18,Bar,103,Sunset Sarsaparilla,1453.4,1903.365,784.445
19,Bar,103,Sunset Sarsaparilla,1456.2,1892.970,639.313
20,Bar,103,Sunset Sarsaparilla,1458.2,1875.246,546.979
21,Bar,103,Sunset Sarsaparilla,1460.8,1897.747,458.912
22,Bar,103,Sunset Sarsaparilla,1463.8,2009.338,517.811
23,Bar,103,Sunset Sarsaparilla,1464.8,2009.568,518.196
24,Bar,105,Shot glass,1492.1,1237.066,702.844
25,Bar,105,Empty Whiskey Bottle,1493.1,1237.066,702.844
26,Bar,105,Ashtray,1494.1,1237.066,702.844
27,Bar,105,Dinner Plate,1495.3,1237.066,702.844
28,Bar,105,Empty Sunset Sarsaparilla Bottle,1510.9,1389.067,909.596
29,Bar,105,Sunset Sarsaparilla,1520.7,1860.892,912.133
30,Bar,105,Sunset Sarsaparilla,1522.6,1860.892,912.133
31,Bar,105,Sunset Sarsaparilla,1527.5,1840.860,774.776
32,Bar,105,Sunset Sarsaparilla,1530.5,1842.306,776.783
33,Bar,105,Sunset Sarsaparilla,1535.7,1750.781,536.424
34,Bar,105,Sunset Sarsaparilla,1537.4,1750.781,536.424
35,Bar,105,Sunset Sarsaparilla,1538.9,1750.781,536.424
36,Bar,105,Sunset Sarsaparilla,1545.5,1853.930,402.837
37,Bar,105,Sunset Sarsaparilla,1550.1,2062.792,577.578
38,Bar,105,Sunset Sarsaparilla,1551.3,2062.792,577.578
39,Bar,106,Empty Whiskey Bottle,362.8,1358.582,750.914
40,Bar,106,Chessboard,364.2,1380.320,814.186
41,Bar,106,Empty Sunset Sarsaparilla Bottle,365.2,1380.283,814.275
42,Bar,106,Ashtray,366.6,1380.283,814.275
43,Bar,106,Drinking Glass,377.2,1773.473,383.116
44,Bar,106,Sunset Sarsaparilla,377.8,1764.275,397.542
45,Bar,106,Glass Pitcher,378.8,1766.806,432.603
46,Bar,106,Sunset Sarsaparilla,380.0,1757.726,457.719
47,Bar,106,Ashtray,380.6,1738.744,486.259
48,Bar,106,Shot glass,381.2,1740.080,527.010
49,Bar,106,Sunset Sarsaparilla,381.6,1739.147,547.587
50,Bar,106,Glass Pitcher,381.8,1748.488,566.716
51,Bar,106,Sunset Sarsaparilla,382.0,1739.969,585.595
52,Bar,106,Sunset Sarsaparilla,387.2,1814.490,797.474
53,Bar,106,Ashtray,387.4,1826.877,816.049
54,Bar,106,Sunset Sarsaparilla,388.4,1848.285,834.104
55,Bar,106,Coffee Pot,393.4,2056.577,718.498
56,Bar,106,Carton of Cigarettes,394.8,2044.335,703.223
57,Bar,106,Carton of Cigarettes,395.6,2053.169,696.787
58,Bar,106,Sunset Sarsaparilla,404.0,2055.840,586.798
59,Bar,106,Sunset Sarsaparilla,404.4,2062.792,610.995
60,Bar,106,Glass Pitcher,405.4,2039.599,535.736
61,Bar,106,Glass Pitcher,406.0,2035.267,492.557
62,Bar,106,Glass Pitcher,406.2,2033.145,479.178
63,Bar,106,Glass Pitcher,406.6,2034.352,486.791
64,Bar,106,Glass Pitcher,406.6,2036.495,500.298
65,Bar,106,Glass Pitcher,406.8,2036.495,500.298
66,Bar,106,Glass Pitcher,407.0,2036.495,500.298
67,Bar,106,Glass Pitcher,407.8,2033.458,481.152
68,Bar,106,Glass Pitcher,408.0,2032.036,475.718
69,Bar,106,Glass Pitcher,408.6,2038.659,519.401
70,SheriffOffice,106,Pre-War Book,617.9,1960.736,1405.228
71,Hotel,106,Empty Whiskey Bottle,1049.4,1583.914,1167.626
72,Hotel,106,Carton of Cigarettes,1285.0,1010.798,3133.853
73,Hotel,106,Coffee Mug,1285.8,1006.978,3168.815
74,Hotel,106,Large Burned Book,1286.2,1005.939,3177.406
75,Bar,106,Ashtray,987.6,1258.438,683.832
76,Bar,106,Shot glass,988.0,1267.234,733.994
77,Bar,106,Empty Whiskey Bottle,991.2,1227.399,807.273
78,Hotel,106,Snow Globe - Mt. Charleston,1295.2,2190.467,1778.844
79,Bar,108,Empty Sunset Sarsaparilla Bottle,249.4,1586.934,743.407
80,Bar,108,InstaMash,332.7,2331.120,652.007
81,Bar,108,InstaMash,333.5,2331.120,652.007
82,Bar,108,Toaster,334.5,2331.196,652.365
83,Bar,108,Tin Can,335.2,2331.196,652.365
84,Bar,108,Tin Can,335.7,2331.196,652.365
85,Bar,108,Tin Can,335.7,2331.196,652.365
86,Bar,108,Pressure Cooker,347.5,2329.964,920.365
87,Bar,188,Tin Can,337.9,2310.124,821.667
88,Bar,188,Tin Can,338.7,2310.124,821.667
89,Bar,188,Tin Can,340.1,2310.188,821.639
90,Bar,188,InstaMash,340.5,2310.253,821.615
91,Bar,188,InstaMash,340.9,2310.253,821.615
92,Bar,188,Dandy Boy Apples,341.5,2310.371,821.584
93,Bar,188,Dandy Boy Apples,341.7,2310.587,821.560
94,Bar,188,Toaster,341.9,2310.587,821.560
95,Bar,188,Flour,342.9,2310.587,821.560
96,Bar,188,Flour,343.1,2310.587,821.560
97,Bar,188,Buffalo Gourd Seed,345.1,2310.920,821.411
98,Bar,188,Buffalo Gourd Seed,345.3,2310.920,821.411
99,Bar,188,YumYum Deviled Eggs,347.5,2311.155,821.295
100,Bar,188,Grilled Mantis,349.3,2315.037,836.329
101,Bar,188,Sunset Sarsaparilla,402.1,2062.792,619.702
102,Bar,188,Sunset Sarsaparilla,405.1,1935.266,606.871
103,Bar,188,Glass Pitcher,419.7,2082.502,395.325
104,Outside,109,Pot,954.2,1798.220,302.950
105,Hotel,109,13 Ball,2054.1,2847.199,1921.597
106,Hotel,109,8 Ball,2055.1,2847.199,1921.597
107,Hotel,109,Cue Ball,2055.7,2847.199,1921.597
108,Hotel,109,5 Ball,2056.1,2847.199,1921.597
109,Bar,110,Pack of Cigarettes,824.4,1478.021,726.839
110,Bar,110,Sunset Sarsaparilla Star Bottle Cap,829.2,1373.831,740.038
111,Bar,110,Pack of Cigarettes,868.0,1579.317,463.500
112,Bar,110,Sunset Sarsaparilla,871.8,1710.783,474.694
113,Bar,110,Sunset Sarsaparilla,872.8,1761.318,371.058
114,Bar,110,Sunset Sarsaparilla,874.3,1780.340,508.388
115,Bar,110,Sunset Sarsaparilla,875.3,1719.668,587.203
116,Bar,110,Sunset Sarsaparilla,877.3,1711.911,618.335
117,Bar,110,Sunset Sarsaparilla,879.8,1720.382,690.745
118,Bar,110,Sunset Sarsaparilla,883.5,1828.748,805.520
119,Bar,110,Sunset Sarsaparilla,884.7,1828.748,805.520
120,Bar,110,Sunset Sarsaparilla,889.5,1990.906,662.342
121,Bar,110,Sunset Sarsaparilla,891.3,1994.911,592.646
122,Bar,110,Shot glass,897.7,2004.809,592.603
123,Bar,110,Nuka-Cola,903.3,2004.809,592.603
124,Bar,110,Purified Water,910.0,2049.875,519.007
125,Bar,110,Purified Water,910.5,2049.875,519.007
126,Bar,110,Purified Water,910.8,2049.875,519.007
127,Bar,110,Purified Water,911.5,2049.875,519.007
128,Bar,110,Purified Water,911.8,2049.875,519.007
129,Bar,110,Purified Water,912.3,2049.875,519.007
130,Bar,110,Purified Water,913.0,2049.875,519.007
131,Bar,110,Milk Bottle,920.0,2047.249,415.675
132,Bar,110,Nuka-Cola,923.3,2062.792,643.737
133,Bar,110,Nuka-Cola,924.0,2062.792,643.737
134,Bar,110,Sunset Sarsaparilla,925.0,2060.507,675.892
135,Bar,110,Sunset Sarsaparilla,925.7,2057.089,707.282
136,Bar,110,Sunset Sarsaparilla,926.5,2053.613,728.319
137,Bar,110,Sunset Sarsaparilla,926.8,2053.613,728.319
138,Bar,110,Vodka,935.3,2062.667,642.578
139,Bar,110,Vodka,936.3,2062.667,642.578
140,Bar,110,Vodka,937.0,2062.667,642.578
141,Bar,110,Vodka,937.7,2062.667,642.578
142,Bar,110,Vodka,938.5,2062.667,642.578
143,Bar,110,Whiskey,940.7,2062.667,642.578
144,Bar,110,Whiskey,941.0,2062.667,642.578
145,Bar,110,Whiskey,941.5,2062.667,642.578
146,Bar,110,Wine,942.8,2062.667,642.578
147,Bar,110,Scotch,953.7,2113.594,453.754
148,Bar,110,Scotch,954.5,2113.594,453.754
149,Bar,110,Wine,955.7,2113.594,453.754
150,Bar,110,Wine,956.5,2113.594,453.754
151,Bar,110,Wine,958.0,2113.594,453.754
152,Bar,110,Scotch,958.7,2113.594,453.754
153,Bar,110,Scotch,959.3,2113.594,453.754
154,Bar,110,InstaMash,997.7,2323.852,711.629
155,Bar,110,InstaMash,998.3,2323.852,711.629
156,Bar,110,Dandy Boy Apples,999.7,2323.852,711.629
157,Bar,110,Dandy Boy Apples,1000.5,2323.852,711.629
158,Hotel,111,10 Ball,1595.8,2877.321,1920.307
159,Hotel,111,8 Ball,1598.4,2877.321,1920.307
160,Hotel,111,Cue Ball,1599.4,2877.321,1920.307
161,Hotel,111,13 Ball,1600.0,2877.321,1920.307
162,Hotel,111,2 Ball,1600.6,2877.321,1920.307
163,Hotel,111,5 Ball,1601.4,2877.321,1920.307
164,Hotel,111,5 Ball,1556.0,2833.145,1848.871
165,Hotel,111,2 Ball,1557.5,2829.766,1851.083
166,Hotel,111,13 Ball,1560.4,2829.766,1851.083
167,Hotel,111,Cue Ball,1561.4,2829.766,1851.083
168,Hotel,111,10 Ball,1568.2,2841.240,1933.604
169,Hotel,111,8 Ball,1569.0,2841.240,1933.604
170,Bar,112,Sunset Sarsaparilla Star Bottle Cap,869.6,1359.098,769.791
171,Mine,112,Buffalo Gourd Seed,2386.5,-238.072,2414.034
172,Mine,112,Buffalo Gourd Seed,2389.3,-237.878,2413.959
173,Bar,113,Sunset Sarsaparilla,696.8,1734.698,634.542
174,Bar,113,Sunset Sarsaparilla,699.6,1793.069,639.009
175,Bar,113,Sunset Sarsaparilla,702.0,1826.596,751.505
176,Bar,113,Sunset Sarsaparilla,703.2,1826.596,751.505
177,Bar,113,Sunset Sarsaparilla,704.4,1826.596,751.505
178,Bar,113,Sunset Sarsaparilla,707.8,1802.333,631.013
179,Bar,113,Sunset Sarsaparilla,710.0,1815.632,555.636
180,Bar,113,Sunset Sarsaparilla,711.6,1846.083,499.798
181,Bar,113,Sunset Sarsaparilla,743.6,2032.031,576.448
182,Bar,113,Sunset Sarsaparilla,744.8,2032.031,576.448
183,Hotel,113,Carton of Cigarettes,1082.4,1061.488,382.368
184,Mine,113,InstaMash,1899.1,-240.466,2385.348
185,Mine,113,Buffalo Gourd Seed,1902.4,-216.894,2432.345
186,Mine,113,Buffalo Gourd Seed,1912.4,-216.894,2432.345
187,Introhouse,114,Pre-War Book,146.2,245.860,273.802
188,Introhouse,114,Pre-War Book,154.0,165.996,299.767
189,Bar,114,Sunset Sarsaparilla,650.8,1800.949,645.116
190,Bar,114,Sunset Sarsaparilla,652.8,1800.949,645.116
191,Bar,114,Sunset Sarsaparilla,654.2,1821.358,777.812
192,Bar,114,Sunset Sarsaparilla,655.8,1866.931,810.966
193,Bar,114,Sunset Sarsaparilla,658.0,1745.709,627.915
194,Bar,114,Sunset Sarsaparilla,659.4,1753.329,553.381
195,Bar,114,Sunset Sarsaparilla,660.8,1751.272,487.474
196,Bar,114,Sunset Sarsaparilla,661.8,1804.566,408.187
197,Bar,114,Carton of Cigarettes,674.2,2138.281,724.298
198,Bar,114,Carton of Cigarettes,674.6,2138.281,724.298
199,Bar,114,Sunset Sarsaparilla,676.4,2045.568,588.515
200,Bar,114,Sunset Sarsaparilla,679.2,2045.568,588.515
201,Bar,114,Sunset Sarsaparilla,687.2,2060.110,703.535
202,Bar,114,Sunset Sarsaparilla,688.2,2060.110,703.535
203,Bar,114,Sunset Sarsaparilla,689.2,2060.110,703.535
204,Bar,114,Sunset Sarsaparilla,690.6,2060.110,703.535
205,Bar,114,Nuka-Cola,692.0,2062.792,619.108
206,Bar,114,Nuka-Cola,695.2,2062.792,619.108
207,Bar,114,Nuka-Cola,695.4,2062.792,619.108
208,Bar,114,Whiskey,697.2,2109.156,607.346
209,Bar,114,Whiskey,698.4,2107.564,607.592
210,Bar,114,Purified Water,699.2,2107.310,607.595
211,Bar,114,Purified Water,700.0,2107.285,607.595
212,Bar,114,Purified Water,700.4,2107.285,607.595
213,Bar,114,Purified Water,700.8,2107.285,607.595
214,Bar,114,Purified Water,701.0,2107.285,607.595
215,Bar,114,Purified Water,701.2,2107.285,607.595
216,Bar,114,Purified Water,701.4,2107.285,607.595
217,Bar,114,Scotch,704.4,2104.277,492.783
218,Bar,114,Scotch,704.6,2104.239,492.845
219,Bar,114,Scotch,705.2,2105.040,493.498
220,Bar,114,Scotch,706.0,2103.817,492.789
221,Bar,114,Wine,706.8,2103.999,492.947
222,Bar,114,Wine,707.4,2104.472,493.315
223,Bar,114,Wine,708.2,2104.517,493.901
224,Bar,114,Wine,708.4,2104.517,493.901
225,Bar,114,Whiskey,709.0,2104.517,493.901
226,Bar,114,Vodka,714.4,2115.978,618.723
227,Bar,114,Vodka,714.6,2115.540,617.149
228,Bar,114,Vodka,715.2,2114.775,613.854
229,Bar,114,Vodka,715.4,2114.637,612.879
230,Bar,114,Vodka,716.0,2114.184,610.237
231,Bar,114,Beer,716.0,2114.145,609.594
232,Bar,114,Beer,716.2,2114.101,608.381
233,Bar,114,Beer,716.4,2114.076,607.673
234,Bar,114,Pre-War Book,718.6,1957.442,941.636
235,Bar,114,Pre-War Book,718.8,1957.442,940.420
236,Bar,114,Pre-War Book,719.0,1957.442,940.420
237,Bar,114,Pre-War Book,719.2,1957.442,940.420
238,Bar,114,Pre-War Book,719.4,1957.442,940.420
239,Bar,114,Pre-War Book,719.8,1957.442,940.420
240,Bar,114,Pre-War Book,720.0,1957.442,940.420
241,Bar,114,Pre-War Book,720.2,1957.442,940.420
242,Bar,114,Pre-War Book,720.4,1957.442,940.420
243,Bar,114,Pre-War Book,720.6,1957.442,940.420
244,Bar,114,Pre-War Book,721.2,1957.442,940.420
245,Bar,114,Pre-War Book,721.4,1957.442,940.420
246,Bar,114,Pre-War Book,721.6,1957.442,940.420
247,Bar,114,Pre-War Book,721.8,1957.442,940.420
248,Bar,114,Pre-War Book,722.0,1957.442,940.420
249,Bar,114,Pre-War Book,722.4,1957.442,940.420
250,Bar,114,Pre-War Book,722.6,1957.442,940.420
251,Bar,114,Pre-War Book,722.8,1957.442,940.420
252,Bar,114,Pre-War Book,723.0,1957.442,940.420
253,Bar,114,Pre-War Book,723.2,1957.442,940.420
254,Bar,114,Pre-War Book,723.4,1957.442,940.420
255,Bar,114,Pre-War Book,723.6,1957.442,940.420
256,Bar,114,Pre-War Book,723.8,1957.442,940.420
257,Bar,114,Pre-War Book,724.0,1957.442,940.420
258,Bar,114,Pre-War Book,724.2,1957.442,940.420
259,Bar,114,InstaMash,737.2,2361.940,748.543
260,Bar,114,InstaMash,737.6,2361.940,748.543
261,Bar,114,Dandy Boy Apples,737.8,2361.940,748.543
262,Bar,114,Dandy Boy Apples,738.0,2361.940,748.543
263,Bar,114,Toaster,745.2,2360.047,812.446
264,Bar,114,Flour,746.4,2360.047,812.446
265,Bar,114,Flour,746.8,2360.047,812.446
266,Bar,114,Tin Can,749.0,2360.047,812.446
267,Bar,114,Empty Sunset Sarsaparilla Bottle,788.8,1790.986,940.901
268,Bar,114,Empty Sunset Sarsaparilla Bottle,789.6,1790.986,940.901
269,Bar,114,Pack of Cigarettes,792.8,1643.929,437.100
270,Mine,114,Lad's Life,1573.7,-1406.802,1575.983
271,Introhouse,118,Pre-War Book,165.5,261.551,273.802
272,Mine,118,Bent Tin Can,1300.2,4116.451,-1683.164
273,Introhouse,118,Coffee Mug,1424.3,894.063,1542.833
274,Introhouse,118,Coffee Mug,1432.3,969.085,1576.944
275,Bar,118,Glass Pitcher,1818.0,1793.000,626.724
276,Bar,118,Sunset Sarsaparilla,1823.1,1793.000,626.724
277,Bar,118,Sunset Sarsaparilla,1828.3,1793.000,626.904
278,Bar,118,Shot glass,1830.5,1793.000,626.649
279,Bar,118,Sunset Sarsaparilla,1832.3,1793.000,626.592
280,Bar,118,Shot glass,1836.7,1793.000,627.220
281,Bar,118,Sunset Sarsaparilla,1841.3,1793.000,628.227
282,Bar,118,Glass Pitcher,1849.7,1793.000,628.837
283,Bar,118,Empty Sunset Sarsaparilla Bottle,1860.0,1597.924,751.526
284,Bar,119,Ashtray,1109.5,1791.036,696.617
285,Bar,119,Sunset Sarsaparilla,1113.3,1791.036,696.617
286,Bar,119,Shot glass,1117.1,1791.036,696.617
287,Bar,119,Glass Pitcher,1125.5,2014.623,481.076
288,Bar,119,Sunset Sarsaparilla,1131.6,1997.780,623.936
289,Bar,119,Sunset Sarsaparilla,1132.6,1997.780,623.936
290,Bar,119,Carton of Cigarettes,1144.1,2029.045,619.437
291,Bar,119,Coffee Pot,1146.3,2029.045,619.437
292,Bar,119,Empty Whiskey Bottle,1181.9,1693.360,462.453
293,Bar,119,Cup,1191.6,1359.836,436.310
294,Bar,119,Dinner Plate,1194.3,1359.836,436.310
295,SheriffOffice,119,Pre-War Book,1326.9,1926.510,1690.706
296,SheriffOffice,119,Pre-War Book,1490.4,1928.337,1325.278
297,SheriffOffice,119,Pre-War Book,1491.2,1928.337,1325.278
298,SheriffOffice,119,Pre-War Book,1491.2,1928.337,1325.278
299,SheriffOffice,119,Pre-War Book,1492.6,1928.339,1325.434
300,SheriffOffice,119,Pre-War Book,1492.6,1928.339,1325.434
301,Bar,119,Sunset Sarsaparilla,1584.2,1775.255,709.764
302,Bar,119,Sunset Sarsaparilla,1586.1,1812.612,731.280
303,Bar,119,Sunset Sarsaparilla,1592.9,1851.243,781.359
304,Bar,119,Sunset Sarsaparilla,1599.2,1755.546,661.126
305,Bar,119,Sunset Sarsaparilla,1603.4,1749.136,560.257
306,Bar,119,Sunset Sarsaparilla,1605.1,1759.501,489.967
307,AbandonedHouse,120,Red Plate,1324.5,911.280,-1802.792
308,AbandonedHouse,120,Large Scorched Book,1351.1,700.545,-1802.835
309,Introhouse,121,Coffee Mug,782.0,1047.307,1538.906
310,SheriffOffice,121,Pre-War Book,1495.7,1903.336,1432.716
311,Bar,121,Empty Whiskey Bottle,1629.5,1229.210,686.625
312,Bar,121,Shot glass,1631.7,1229.210,686.625
313,Bar,121,Coffee Mug,1639.1,1326.768,867.141
314,Bar,121,Chessboard,1641.1,1326.768,867.141
315,Bar,121,Pack of Cigarettes,1647.5,1389.611,908.969
316,Bar,121,InstaMash,1833.7,2363.089,761.254
317,Bar,121,InstaMash,1838.5,2334.989,746.401
318,Bar,121,Dandy Boy Apples,1839.5,2334.989,746.401
319,Bar,121,Dandy Boy Apples,1840.5,2334.989,746.401
320,Bar,121,Flour,1925.1,2324.621,798.305
321,Bar,121,Flour,1925.7,2324.621,798.305
322,Bar,121,Tin Can,1929.9,2324.621,798.305
323,Bar,121,Toaster,1932.1,2324.671,798.357
324,Bar,121,Tin Can,1933.1,2324.671,798.357
325,Bar,121,Tin Can,1934.1,2324.671,798.357
326,Bar,121,YumYum Deviled Eggs,1941.7,2262.507,776.272
327,Bar,121,Buffalo Gourd Seed,1942.9,2262.507,776.272
328,Bar,121,Grilled Mantis,1944.3,2262.507,776.272
329,Bar,121,Buffalo Gourd Seed,1947.9,2262.507,776.272
330,Bar,121,Pre-War Book,1955.7,1913.949,958.744
331,Bar,121,Pre-War Book,1956.3,1913.949,958.744
332,Bar,121,Shot glass,1965.1,1921.683,836.396
333,Bar,121,Sunset Sarsaparilla,1966.1,1920.135,838.605
334,Bar,121,Coffee Pot,1976.9,2071.937,722.116
335,Bar,121,Carton of Cigarettes,1978.3,2071.992,722.106
336,Bar,121,Carton of Cigarettes,1978.9,2071.992,722.106
337,Bar,121,Sunset Sarsaparilla,1984.7,1980.413,586.448
338,Bar,121,Sunset Sarsaparilla,1995.3,1980.467,586.495
339,Bar,121,Sunset Sarsaparilla,2004.3,1934.377,597.602
340,Bar,121,Glass Pitcher,2010.7,1934.392,597.687
341,Bar,121,Sunset Sarsaparilla,2011.3,1934.392,597.687
342,Bar,121,Shot glass,2012.1,1934.392,597.687
343,Bar,121,Ashtray,2012.7,1934.392,597.687
344,Bar,121,Sunset Sarsaparilla,2013.3,1934.392,597.687
345,Bar,121,Glass Pitcher,2014.1,1934.392,597.687
346,Bar,121,Sunset Sarsaparilla,2014.7,1934.392,597.687
347,Bar,121,Ashtray,2015.5,1934.406,597.484
348,Bar,121,Sunset Sarsaparilla,2018.7,1939.509,525.412
349,Bar,121,Drinking Glass,2019.5,1939.509,525.412
350,Bar,121,Glass Pitcher,2050.3,2082.660,341.464
351,Bar,121,Glass Pitcher,2050.7,2082.660,341.464
352,Bar,121,Glass Pitcher,2051.1,2082.660,341.464
353,Bar,121,Glass Pitcher,2051.3,2082.660,341.464
354,Bar,121,Glass Pitcher,2051.5,2082.660,341.464
355,Bar,121,Glass Pitcher,2051.7,2082.660,341.464
356,Bar,121,Glass Pitcher,2051.9,2082.660,341.464
357,Bar,121,Glass Pitcher,2052.5,2082.660,341.464
358,Bar,121,Glass Pitcher,2054.5,2073.119,416.835
359,Bar,121,Glass Pitcher,2055.3,2073.119,416.835
360,Bar,121,Pressure Cooker,2060.9,2345.487,986.001
361,Bar,121,Pot,2070.9,2336.829,933.138
362,Bar,121,Empty Sunset Sarsaparilla Bottle,2119.7,1773.827,824.754
363,Bar,121,Empty Sunset Sarsaparilla Bottle,2120.5,1773.827,824.754
364,Bar,121,Ashtray,2121.9,1773.827,824.754
365,Bar,121,Glass Pitcher,2131.3,1700.326,309.467
366,Bar,121,Empty Whiskey Bottle,2132.3,1700.326,309.467
367,Bar,121,Shot glass,2132.9,1700.326,309.467
368,Bar,121,Pack of Cigarettes,2133.7,1700.326,309.467
369,Bar,121,Shot glass,2134.5,1700.326,309.467
370,Bar,121,Shot glass,2135.3,1700.326,309.467
371,Bar,121,Shot glass,2135.9,1700.326,309.467
372,Bar,121,Cup,2139.3,1417.288,420.685
373,Bar,121,Ashtray,2140.7,1417.288,420.685
374,Bar,121,Empty Sunset Sarsaparilla Bottle,2142.1,1417.288,420.685
375,Bar,121,Dinner Plate,2142.7,1417.288,420.685
376,Bar,121,Shot glass,2143.5,1417.288,420.685
377,Bar,121,Cup,2148.1,1350.472,438.958
378,Bar,121,Empty Sunset Sarsaparilla Bottle,2156.1,1314.195,785.075
379,Bar,121,Empty Whiskey Bottle,2156.5,1314.195,785.075
380,Bar,121,Sunset Sarsaparilla Star Bottle Cap,2157.9,1314.195,785.075
381,Bar,121,Ashtray,2164.1,1389.564,909.082
382,Bar,123,Pack of Cigarettes,1370.2,1511.821,439.154
383,Bar,123,Pressure Cooker,1390.2,2299.622,918.090
384,Bar,123,Sunset Sarsaparilla,1547.9,2062.792,612.448
385,Bar,123,Sunset Sarsaparilla,1549.2,2062.792,612.448
386,Introhouse,124,Pre-War Book,134.8,234.627,273.802
387,Bar,124,Sunset Sarsaparilla,572.0,1703.493,541.977
388,Bar,124,Shot glass,575.8,1703.493,541.977
389,Mine,124,Buffalo Gourd Seed,1513.6,-158.041,2488.999
390,Mine,124,Buffalo Gourd Seed,1519.8,-172.183,2487.386
391,Bar,124,Sunset Sarsaparilla,2531.2,1812.205,731.346
392,Bar,124,Sunset Sarsaparilla,2532.0,1812.205,731.346
393,Bar,124,Sunset Sarsaparilla,2536.0,1977.669,896.662
394,Bar,124,Empty Sunset Sarsaparilla Bottle,2541.0,1785.318,845.375
395,Bar,124,Empty Sunset Sarsaparilla Bottle,2542.2,1785.318,845.375
396,Bar,124,Sunset Sarsaparilla,2545.4,1798.499,647.027
397,Bar,124,Sunset Sarsaparilla,2551.0,1835.696,699.025
398,Bar,124,Sunset Sarsaparilla,2554.2,1886.437,501.963
399,Bar,124,Drinking Glass,2555.8,1886.501,501.854
400,Bar,124,Sunset Sarsaparilla,2556.4,1886.501,501.854
401,Bar,124,Sunset Sarsaparilla,2560.2,2061.627,585.650
402,Bar,124,Sunset Sarsaparilla,2561.8,2061.644,585.711
403,Bar,124,Tin Can,2582.8,2344.745,811.222
404,Bar,124,Tin Can,2583.4,2344.745,811.222
405,Bar,125,Sunset Sarsaparilla Star Bottle Cap,334.6,1327.906,718.506
406,Bar,125,Empty Sunset Sarsaparilla Bottle,341.8,1327.843,719.107
407,SheriffOffice,125,Pre-War Book,779.9,2023.248,1445.773
408,Mine,125,Buffalo Gourd Seed,1750.1,-252.622,2400.377
409,Mine,125,InstaMash,1754.2,-252.622,2400.377
410,Mine,125,Tin Can,1762.2,-252.622,2400.377
411,Bar,125,Sunset Sarsaparilla,2019.1,1701.397,630.889
412,Bar,125,Sunset Sarsaparilla,2025.9,1831.885,756.628
413,Bar,125,Sunset Sarsaparilla,2026.5,1831.885,756.628
414,Bar,125,Sunset Sarsaparilla,2028.5,1831.885,756.628
415,Bar,125,Sunset Sarsaparilla,2032.3,1849.476,482.930
416,Bar,125,Sunset Sarsaparilla,2032.9,1849.476,482.930
417,Bar,125,Sunset Sarsaparilla,2035.7,1849.476,482.930
418,Bar,125,Sunset Sarsaparilla,2039.5,2044.717,578.971
419,Bar,125,Sunset Sarsaparilla,2040.3,2044.717,578.971
420,Bar,125,Sunset Sarsaparilla,2077.1,1949.729,685.873
421,Introhouse,126,Pot,171.5,1784.907,268.797
422,Bar,126,Sunset Sarsaparilla,551.3,1811.844,813.973
423,Bar,126,Sunset Sarsaparilla,552.1,1811.991,814.012
424,Bar,126,Sunset Sarsaparilla,553.3,1811.991,814.012
425,Bar,126,Sunset Sarsaparilla,555.5,1806.166,797.054
426,Bar,126,Sunset Sarsaparilla,557.1,1768.146,722.797
427,Bar,126,Sunset Sarsaparilla,559.5,1793.000,527.441
428,Bar,126,Sunset Sarsaparilla,560.3,1774.906,500.039
429,Bar,126,Sunset Sarsaparilla,562.1,1825.818,354.046
430,Bar,126,Sunset Sarsaparilla,563.9,2008.427,508.466
431,Bar,126,Sunset Sarsaparilla,564.9,2008.694,508.807
432,Mine,126,InstaMash,1041.2,-183.845,2455.165
433,Introhouse,127,Pre-War Book,181.6,247.120,273.802
434,Introhouse,127,Pot,477.1,1784.766,295.952
435,Introhouse,127,Pot,538.1,2051.994,301.584
436,Bar,127,Sunset Sarsaparilla,1233.3,1793.000,607.046
437,Bar,127,Carton of Cigarettes,1271.3,2138.073,724.298
438,Bar,127,Carton of Cigarettes,1271.9,2138.073,724.298
439,Bar,127,Pressure Cooker,1290.1,2251.427,906.555
440,Bar,127,Flour,1313.7,2333.307,877.549
441,Bar,127,Flour,1314.3,2333.307,877.549
442,Bar,127,Tin Can,1319.5,2333.307,877.549
443,Bar,127,Tin Can,1320.1,2333.307,877.549
444,Bar,127,Tin Can,1320.7,2333.307,877.549
445,Bar,127,Dandy Boy Apples,1325.5,2333.307,877.549
446,Bar,127,Dandy Boy Apples,1326.3,2333.307,877.549
447,Bar,127,Buffalo Gourd Seed,1328.7,2333.307,877.549
448,Bar,127,Buffalo Gourd Seed,1329.3,2333.307,877.549
449,SheriffOffice,127,Pre-War Book,1649.5,1958.935,1446.207
450,SheriffOffice,127,Pre-War Book,1651.1,1958.935,1446.207
451,SheriffOffice,127,Pre-War Book,1651.5,1958.935,1446.207
452,SheriffOffice,127,Pre-War Book,1651.7,1958.935,1446.207
453,SheriffOffice,127,Pre-War Book,1652.1,1958.935,1446.207
454,SheriffOffice,127,Pre-War Book,1652.3,1958.935,1446.207
455,SheriffOffice,127,Pre-War Book,1652.7,1958.935,1446.207
456,SheriffOffice,127,Pre-War Book,1652.9,1958.935,1446.207
457,SheriffOffice,127,Pre-War Book,1654.1,1958.935,1446.207
458,SheriffOffice,127,Pre-War Book,1654.3,1958.935,1446.207
459,SheriffOffice,127,Pre-War Book,1654.5,1958.935,1446.207
460,SheriffOffice,127,Pre-War Book,1656.9,1958.935,1446.207
461,SheriffOffice,127,Pre-War Book,1657.3,1958.935,1446.207
462,SheriffOffice,127,Pre-War Book,1657.5,1958.935,1446.207
463,SheriffOffice,127,Pre-War Book,1658.7,1958.935,1446.207
464,SheriffOffice,127,Pre-War Book,1659.3,1958.935,1446.207
465,SheriffOffice,127,Pre-War Book,1659.7,1958.935,1446.207
466,Introhouse,127,Pre-War Book,2472.2,366.782,293.470
467,Introhouse,128,Pre-War Book,235.4,288.570,273.802
468,Introhouse,128,Coffee Mug,409.9,939.845,1570.092
469,Introhouse,128,Coffee Mug,412.7,993.953,1577.017
470,Introhouse,128,Pot,1175.8,2103.956,313.337
471,Introhouse,128,Pot,1184.4,1861.222,248.656
472,Hotel,128,Small Scorched Book,1877.4,1005.931,3176.698
473,Hotel,128,Carton of Cigarettes,1877.8,1005.931,3176.698
474,Hotel,128,Coffee Mug,1878.6,1005.931,3176.698
475,Hotel,128,Large Burned Book,1879.2,1005.931,3176.698
476,Hotel,128,Small Scorched Book,1879.4,1005.931,3176.698
477,Hotel,128,Small Ruined Book,1879.8,1005.931,3176.698
478,Hotel,128,Pencil,2043.1,782.236,2322.956
479,Hotel,128,Pencil,2044.4,807.813,2336.637
480,Hotel,128,Pencil,2045.2,807.813,2336.637
481,Hotel,128,Small Scorched Book,2058.2,1067.488,2144.051
482,Hotel,128,Clipboard,2227.6,1294.441,1341.872
483,Bar,130,Sunset Sarsaparilla Star Bottle Cap,724.0,1370.787,863.697
484,Hotel,130,Snow Globe - Mt. Charleston,1490.2,2188.858,1778.489
485,Bar,130,Carton of Cigarettes,1722.3,2113.937,724.298
486,Bar,130,Carton of Cigarettes,1722.3,2113.937,724.298
487,Bar,130,Nuka-Cola,1736.1,2053.136,604.820
488,Bar,130,Nuka-Cola,1736.7,2053.136,604.820
489,Bar,130,Nuka-Cola,1736.9,2053.136,604.820
490,Bar,131,Sunset Sarsaparilla,912.3,1761.778,548.750
491,Bar,131,Ashtray,912.7,1793.000,535.862
492,Bar,131,Drinking Glass,912.9,1796.790,492.990
493,Bar,131,Sunset Sarsaparilla,913.5,1812.760,456.048
494,Bar,131,Glass Pitcher,913.9,1813.407,456.179
495,Bar,131,Sunset Sarsaparilla,914.7,1813.476,456.281
496,Bar,131,Ashtray,914.9,1813.476,456.281
497,Bar,131,Sunset Sarsaparilla,915.3,1821.902,503.169
498,Bar,131,Glass Pitcher,915.7,1828.099,531.682
499,Bar,131,Ashtray,917.1,1851.207,613.546
500,Bar,131,Sunset Sarsaparilla,917.5,1851.200,613.771
501,Bar,131,Ashtray,918.7,1899.910,709.451
502,Bar,131,Sunset Sarsaparilla,918.9,1899.938,709.706
503,Bar,131,Sunset Sarsaparilla,919.9,1899.939,709.767
504,Bar,131,Sunset Sarsaparilla,922.7,2053.857,547.358
505,Bar,131,Glass Pitcher,922.9,2053.857,547.358
506,Bar,131,Glass Pitcher,923.1,2053.857,547.358
507,Bar,131,Glass Pitcher,923.3,2053.857,547.358
508,Bar,131,Glass Pitcher,923.5,2053.857,547.358
509,Bar,131,Glass Pitcher,923.7,2053.857,547.358
510,Bar,131,Glass Pitcher,923.9,2053.857,547.358
511,Bar,131,Glass Pitcher,924.1,2053.857,547.358
512,Bar,131,Glass Pitcher,924.1,2053.857,547.358
513,Bar,131,Glass Pitcher,924.3,2053.857,547.358
514,Bar,131,Glass Pitcher,924.7,2053.857,547.358
515,Bar,131,Sunset Sarsaparilla,928.5,2053.857,547.358
516,Bar,131,Coffee Pot,929.1,2053.880,547.409
517,Bar,131,Carton of Cigarettes,929.7,2062.792,610.162
518,Bar,131,Carton of Cigarettes,930.3,2062.792,610.162
519,Bar,131,Sunset Sarsaparilla,933.7,1953.492,691.749
520,Bar,131,Shot glass,934.3,1953.482,691.733
521,Bar,131,Dinner Plate,935.1,1953.482,691.733
522,Bar,131,Dinner Plate,935.7,1985.931,725.832
523,Bar,131,Nuka-Cola,949.3,2076.504,483.668
524,Bar,131,Nuka-Cola,949.7,2102.699,541.089
525,Bar,131,Vodka,949.9,2115.282,584.572
526,Bar,131,Vodka,950.1,2109.856,598.585
527,Bar,131,Sunset Sarsaparilla,950.3,2109.484,599.013
528,Bar,131,Sunset Sarsaparilla,950.5,2109.507,599.128
529,Bar,131,Sunset Sarsaparilla,950.7,2109.511,599.141
530,Bar,131,Sunset Sarsaparilla,950.9,2109.517,599.273
531,Bar,131,Nuka-Cola,951.3,2109.524,599.499
532,Bar,131,Purified Water,952.1,2109.504,599.546
533,Bar,131,Purified Water,952.3,2109.504,599.546
534,Bar,131,Scotch,952.7,2113.912,546.192
535,Bar,131,Milk Bottle,952.7,2113.912,512.457
536,Bar,131,Purified Water,952.9,2113.913,512.433
537,Bar,131,Milk Bottle,953.1,2113.913,512.269
538,Bar,131,Purified Water,953.3,2113.913,512.263
539,Bar,131,Milk Bottle,953.5,2113.913,512.263
540,Bar,131,Milk Bottle,953.7,2113.913,512.263
541,Bar,131,Purified Water,953.9,2113.121,510.286
542,Bar,131,Purified Water,954.1,2113.120,510.241
543,Bar,131,Purified Water,954.3,2113.120,510.241
544,Bar,131,Cup,954.5,2113.120,510.241
545,Bar,131,Cup,954.7,2113.120,510.241
546,Bar,131,Cup,954.9,2113.120,510.241
547,Bar,131,Cup,955.1,2113.120,510.241
548,Bar,131,Cup,955.1,2113.120,510.241
549,Bar,131,Cup,955.3,2113.124,509.961
550,Bar,131,Cup,955.5,2113.124,509.961
551,Bar,131,Cup,955.7,2113.445,509.241
552,Bar,131,Cup,955.9,2113.473,509.116
553,Bar,131,Cup,955.9,2113.473,509.116
554,Bar,131,Cup,956.1,2113.473,509.116
555,Bar,131,Cup,956.3,2113.473,509.116
556,Bar,131,Cup,956.5,2113.473,509.116
557,Bar,131,Cup,956.7,2113.473,509.116
558,Bar,131,Shot glass,956.7,2113.473,509.116
559,Bar,131,Shot glass,956.9,2113.473,509.116
560,Bar,131,Shot glass,957.1,2113.473,509.116
561,Bar,131,Shot glass,957.3,2113.473,509.116
562,Bar,131,Shot glass,958.3,2116.336,523.033
563,Bar,131,Shot glass,958.7,2115.959,521.833
564,Bar,131,Shot glass,958.9,2115.607,520.481
565,Bar,131,Shot glass,958.9,2115.359,519.639
566,Bar,131,Shot glass,959.1,2115.116,518.992
567,Bar,131,Shot glass,959.3,2114.903,518.109
568,Bar,131,Shot glass,959.5,2114.750,517.481
569,Bar,131,Shot glass,959.7,2114.563,516.723
570,Bar,131,Shot glass,959.9,2114.359,516.234
571,Bar,131,Shot glass,960.1,2114.200,515.869
572,Bar,131,Shot glass,960.1,2113.984,515.412
573,Bar,131,Shot glass,960.5,2113.531,514.639
574,Bar,131,Cup,961.3,2113.160,513.691
575,Bar,131,Cup,961.5,2113.160,513.691
576,Bar,131,Scotch,962.3,2113.160,513.691
577,Bar,131,Scotch,962.5,2113.160,513.691
578,Bar,131,Scotch,963.3,2113.160,513.691
579,Bar,131,Wine,963.5,2113.160,513.691
580,Bar,131,Wine,963.7,2113.203,513.387
581,Bar,131,Wine,963.9,2113.203,513.387
582,Bar,131,Whiskey,964.1,2113.203,513.387
583,Bar,131,Whiskey,964.1,2113.203,513.387
584,Bar,131,Whiskey,964.3,2113.203,513.387
585,Bar,131,Wine,965.1,2113.090,513.146
586,Bar,131,Coffee Mug,966.1,2055.070,706.683
587,Bar,131,Coffee Mug,966.5,2063.475,709.507
588,Bar,131,Coffee Mug,966.7,2063.475,709.507
589,Bar,131,Coffee Mug,966.9,2063.523,709.550
590,Bar,131,Coffee Mug,967.1,2063.523,709.550
591,Bar,131,Coffee Mug,967.3,2063.523,709.550
592,Bar,131,Drinking Glass,967.9,2063.523,709.550
593,Bar,131,Drinking Glass,968.1,2063.523,709.550
594,Bar,131,Drinking Glass,968.3,2063.523,709.550
595,Bar,131,Drinking Glass,968.5,2063.523,709.550
596,Bar,131,Drinking Glass,968.9,2063.523,709.550
597,Bar,131,Drinking Glass,969.1,2063.523,709.550
598,Bar,131,Vodka,970.5,2090.503,672.697
599,Bar,131,Beer,971.5,2090.503,672.697
600,Bar,131,Vodka,971.7,2090.503,672.697
601,Bar,131,Vodka,971.9,2090.503,672.697
602,Bar,131,Beer,972.1,2090.602,672.823
603,Bar,131,Chessboard,984.3,1497.009,783.315
604,Bar,131,Ashtray,984.5,1497.009,783.315
605,Bar,131,Pack of Cigarettes,984.9,1497.009,783.315
606,Bar,131,Coffee Mug,985.3,1497.009,783.315
607,Bar,131,Empty Whiskey Bottle,985.7,1497.009,783.315
608,Bar,131,Empty Sunset Sarsaparilla Bottle,985.9,1497.009,783.315
609,Bar,131,Sunset Sarsaparilla Star Bottle Cap,986.3,1497.009,783.315
610,Bar,131,Dinner Plate,994.3,1293.768,712.566
611,Bar,131,Ashtray,994.5,1293.768,712.566
612,Bar,131,Empty Whiskey Bottle,994.7,1293.768,712.566
613,Bar,131,Shot glass,994.9,1293.768,712.566
614,Bar,131,Ashtray,995.9,1266.259,837.399
615,Bar,131,Ashtray,998.3,1237.917,436.215
616,Bar,131,Dinner Plate,998.5,1238.103,436.292
617,Bar,131,Shot glass,998.7,1238.103,436.292
618,Bar,131,Empty Sunset Sarsaparilla Bottle,998.9,1238.103,436.292
619,Bar,131,Cup,998.9,1238.103,436.292
620,Bar,131,Dinner Plate,999.3,1238.103,436.292
621,Bar,131,Cup,999.5,1238.103,436.292
622,Bar,131,Ashtray,1000.3,1377.815,436.415
623,Bar,131,Shot glass,1001.1,1563.183,450.968
624,Bar,131,Ashtray,1001.3,1583.697,442.849
625,Bar,131,Empty Whiskey Bottle,1001.5,1583.697,442.849
626,Bar,131,Shot glass,1001.7,1583.697,442.849
627,Bar,131,Pack of Cigarettes,1001.7,1583.697,442.849
628,Bar,131,Shot glass,1001.9,1583.712,442.849
629,Bar,131,Glass Pitcher,1002.1,1583.712,442.849
630,Bar,131,Shot glass,1002.3,1583.712,442.849
631,Mine,131,InstaMash,1778.2,-210.640,2443.854
632,Bar,132,Glass Pitcher,444.7,1708.748,642.843
633,Mine,133,Bent Tin Can,886.7,3930.218,-1728.059
634,Mine,133,Bent Tin Can,1277.2,4113.595,-1756.638
635,Introhouse,134,Pre-War Book,445.2,272.196,273.802
636,Introhouse,134,Pot,957.6,1784.671,305.434
637,Hotel,134,Empty Whiskey Bottle,2061.0,1626.003,1211.881
638,Hotel,134,Pencil,2046.1,848.164,2306.796
639,Hotel,134,Red Plate,2189.3,808.914,1398.660
640,Hotel,135,Clipboard,2390.7,1222.652,1333.868
641,Bar,136,Empty Sunset Sarsaparilla Bottle,837.4,1746.849,779.604
642,Bar,136,Empty Sunset Sarsaparilla Bottle,838.4,1746.849,779.604
643,Introhouse,137,Pre-War Book,84.4,277.384,222.196
644,Introhouse,137,Pre-War Book,87.6,277.384,222.196
645,Bar,137,Sunset Sarsaparilla,477.5,1793.000,517.745
646,Bar,137,Sunset Sarsaparilla,479.7,1793.000,517.745
647,Bar,137,Sunset Sarsaparilla,481.3,1820.686,736.391
648,Bar,137,Sunset Sarsaparilla,482.9,1863.541,789.339
649,Bar,137,Sunset Sarsaparilla,1256.1,2027.642,576.207
650,Bar,137,Sunset Sarsaparilla,1256.5,2027.642,576.207
651,Bar,137,Sunset Sarsaparilla,1263.9,1937.177,514.048
652,Bar,137,Sunset Sarsaparilla,1265.1,1937.177,514.048
653,Bar,137,Sunset Sarsaparilla,1271.7,1936.277,624.580
654,Bar,137,Sunset Sarsaparilla,1272.7,1936.277,624.580
655,Mine,137,InstaMash,2586.3,-227.129,2386.919
656,Mine,137,Buffalo Gourd Seed,2590.9,-227.129,2386.919
657,Mine,137,Tin Can,2614.3,-237.272,2416.971
658,Bar,138,Sunset Sarsaparilla,1639.0,1858.096,783.975
659,Bar,138,Sunset Sarsaparilla,1640.2,1858.096,783.975
660,Mine,138,Buffalo Gourd Seed,1890.3,-92.102,2460.048
661,Mine,138,Buffalo Gourd Seed,1897.7,-108.383,2429.347
662,Introhouse,139,Pre-War Book,164.8,350.748,295.121
663,Introhouse,139,Pre-War Book,177.8,189.354,254.090
664,Introhouse,139,Pot,313.6,1784.715,305.838
665,Introhouse,139,Pot,344.0,1966.920,302.218
666,Bar,139,Tin Can,645.5,2323.376,816.276
667,Bar,139,Flour,647.7,2323.376,816.276
668,Bar,139,Flour,651.1,2323.376,816.276
669,Bar,139,Toaster,652.3,2323.376,816.276
670,Bar,139,Dandy Boy Apples,653.7,2323.376,816.276
671,Bar,139,InstaMash,654.9,2323.376,816.276
672,Bar,139,Buffalo Gourd Seed,658.9,2323.376,816.276
673,Bar,139,YumYum Deviled Eggs,660.3,2323.376,816.276
674,Bar,139,Grilled Mantis,664.1,2323.376,816.276
675,Bar,139,Pot,676.7,2323.376,816.276
676,Bar,139,Sunset Sarsaparilla,1507.1,1751.174,665.038
677,Bar,139,Sunset Sarsaparilla,1508.3,1751.174,665.038
678,Bar,139,Ashtray,1509.7,1751.174,665.038
679,Bar,139,Sunset Sarsaparilla,1514.9,1793.000,603.937
680,Bar,139,Sunset Sarsaparilla,1516.1,1793.000,603.937
681,Bar,139,Sunset Sarsaparilla,1527.5,1762.451,388.048
682,Bar,139,Sunset Sarsaparilla,1532.7,1818.371,730.736
683,Bar,139,Sunset Sarsaparilla,1537.7,1962.983,864.541
684,Introhouse,140,Pre-War Book,163.4,263.233,273.802
685,Outside,142,Metal Cooking Pan,2106.6,8714.129,4482.726
686,Outside,142,Tin Can,2107.0,8688.641,4495.920
687,Hotel,144,Green Plate,698.8,855.222,1281.242
688,Hotel,144,Pot,703.4,855.222,1281.106
689,Hotel,144,Drinking Glass,911.0,892.389,1499.868
690,Bar,145,Sunset Sarsaparilla,1206.9,1799.796,476.830
691,Bar,145,Sunset Sarsaparilla,1214.9,1793.000,513.540
692,Bar,145,Shot glass,1228.5,1792.875,612.916
693,Bar,145,Sunset Sarsaparilla,1236.7,1792.875,612.916
694,Bar,145,Pressure Cooker,1299.7,2336.829,935.508
695,Bar,145,Sunset Sarsaparilla,2314.2,1793.038,638.844
696,Bar,145,Glass Pitcher,2318.2,1793.000,601.433
697,Bar,145,Sunset Sarsaparilla,2320.4,1793.000,601.433
698,Bar,145,Sunset Sarsaparilla,2322.8,1776.970,719.589
699,Bar,145,Sunset Sarsaparilla,2324.6,1776.970,719.589
700,Bar,145,Sunset Sarsaparilla,2330.2,2013.487,907.206
701,AbandonedHouse,145,Large Scorched Book,2592.4,903.242,-1802.792
702,Bar,146,Buffalo Gourd Seed,987.0,2317.013,773.095
703,Bar,146,Buffalo Gourd Seed,987.8,2317.013,773.095
704,Bar,146,Sunset Sarsaparilla Star Bottle Cap,1008.2,1386.007,744.533
705,Mine,146,Lad's Life,1728.3,-1348.031,1583.442
706,Introhouse,147,Pre-War Book,119.8,0.000,0.000
707,Introhouse,147,Pre-War Book,127.0,315.051,236.998
708,Introhouse,147,Pre-War Book,128.4,315.051,236.998
709,Bar,147,Sunset Sarsaparilla Star Bottle Cap,1287.0,1370.309,846.193
710,Bar,147,Ashtray,1298.8,1497.181,783.448
711,Bar,147,Pack of Cigarettes,1301.4,1497.181,783.448
712,Bar,147,Chessboard,1304.0,1497.181,783.448
713,Bar,147,Sunset Sarsaparilla,1345.1,1805.471,756.952
714,Bar,147,Sunset Sarsaparilla,1346.3,1805.471,756.952
715,Bar,147,Sunset Sarsaparilla,1348.6,1859.464,782.476
716,Bar,147,Sunset Sarsaparilla,1353.4,1790.797,701.402
717,Bar,147,Sunset Sarsaparilla,1355.9,1793.000,628.159
718,Bar,147,Sunset Sarsaparilla,1357.4,1728.433,571.833
719,Bar,147,Sunset Sarsaparilla,1359.3,1741.864,426.368
720,Bar,147,Sunset Sarsaparilla,1360.6,1804.611,415.772
721,Bar,147,Pack of Cigarettes,1385.3,1653.549,437.168
722,Bar,147,Sunset Sarsaparilla,1400.1,2055.846,638.459
723,Bar,147,Sunset Sarsaparilla,1401.3,2009.901,573.657
724,Bar,147,Nuka-Cola,1407.9,1999.594,661.286
725,Bar,147,Nuka-Cola,1412.1,2062.792,609.628
726,Bar,147,Nuka-Cola,1412.5,2062.792,609.628
727,Bar,147,Purified Water,1416.7,2043.116,520.345
728,Bar,147,Purified Water,1417.3,2043.116,520.345
729,Bar,147,Purified Water,1417.5,2043.116,520.345
730,Bar,147,Purified Water,1417.7,2043.116,520.345
731,Bar,147,Milk Bottle,1422.7,2058.393,466.715
732,Bar,147,Milk Bottle,1423.1,2058.393,466.715
733,Bar,147,Milk Bottle,1423.7,2058.393,466.715
734,Bar,147,Milk Bottle,1424.1,2058.393,466.715
735,Bar,147,Purified Water,1424.9,2058.393,466.715
736,Bar,147,Purified Water,1425.5,2058.393,466.715
737,Bar,147,Wine,1433.5,2058.393,466.715
738,Bar,147,Scotch,1434.1,2058.393,466.715
739,Bar,147,Scotch,1443.1,2062.791,467.686
740,Bar,147,Sunset Sarsaparilla,1450.1,2062.792,663.258
741,Bar,147,Sunset Sarsaparilla,1450.5,2062.792,663.258
742,Bar,147,Sunset Sarsaparilla,1450.7,2062.792,663.258
743,Bar,147,Sunset Sarsaparilla,1450.9,2062.792,663.258
744,Bar,147,Vodka,1454.3,2062.792,663.258
745,Bar,147,Vodka,1454.7,2062.792,663.258
746,Bar,147,Vodka,1455.5,2062.792,663.258
747,Bar,147,Vodka,1456.5,2062.792,663.258
748,Bar,147,Vodka,1457.1,2062.792,663.258
749,Bar,147,Whiskey,1457.3,2062.792,663.258
750,Bar,147,Whiskey,1457.9,2062.792,663.258
751,Bar,147,Beer,1459.9,2062.792,663.258
752,Bar,147,Beer,1461.3,2062.792,663.258
753,Bar,147,Scotch,1463.5,2073.575,394.930
754,Bar,147,Scotch,1463.7,2073.575,394.930
755,Bar,147,Wine,1464.5,2074.552,395.334
756,Bar,147,InstaMash,1476.1,2317.133,781.315
757,Bar,147,InstaMash,1476.3,2317.133,781.315
758,Bar,147,Dandy Boy Apples,1476.5,2317.133,781.315
759,Bar,147,Dandy Boy Apples,1476.7,2317.133,781.315
760,Bar,147,Flour,1479.7,2317.133,781.315
761,Bar,147,Flour,1480.1,2317.133,781.315
762,Bar,147,Buffalo Gourd Seed,1483.3,2317.133,781.315
763,Bar,147,Buffalo Gourd Seed,1483.5,2317.133,781.315
764,Bar,147,YumYum Deviled Eggs,1485.1,2317.133,781.315
765,Bar,147,Grilled Mantis,1485.7,2317.133,781.315
766,Bar,147,Toaster,1555.3,2353.525,704.179
767,AbandonedHouse,147,Large Ruined Book,2636.6,1041.856,-570.689
768,AbandonedHouse,147,Red Plate,2698.0,823.274,-1802.792
769,AbandonedHouse,147,Large Scorched Book,2841.8,711.858,-1763.089
770,Bar,149,Empty Sunset Sarsaparilla Bottle,1712.3,1386.547,753.609
771,Bar,149,Empty Whiskey Bottle,1713.7,1386.547,753.609
772,Bar,149,Sunset Sarsaparilla,1779.6,1793.154,626.783
773,Bar,149,Sunset Sarsaparilla,1781.4,1793.154,626.783
774,Bar,149,Sunset Sarsaparilla,1788.6,1933.070,873.559
775,Bar,149,Sunset Sarsaparilla,1790.4,1933.070,873.559
776,Bar,149,Sunset Sarsaparilla,1799.4,2062.884,573.069
777,Bar,149,Sunset Sarsaparilla,1801.0,2062.884,573.069
778,Bar,149,Sunset Sarsaparilla,1813.8,1969.906,434.621
779,Bar,149,Sunset Sarsaparilla,1815.4,1969.906,434.621
780,Bar,149,Sunset Sarsaparilla,1816.8,1969.906,434.621
781,Bar,149,Sunset Sarsaparilla,1820.4,1935.243,609.241
782,Bar,149,Sunset Sarsaparilla,1848.4,2062.792,583.560
783,Bar,149,Sunset Sarsaparilla,1851.6,2062.792,636.829
784,Bar,149,Sunset Sarsaparilla,1852.4,2062.792,636.829
785,Bar,149,Sunset Sarsaparilla,1855.6,2062.792,636.829
786,Bar,149,Purified Water,1869.4,2075.310,412.827
787,Bar,149,Purified Water,1870.0,2075.310,412.827
788,Bar,149,Purified Water,1870.8,2075.310,412.827
789,Bar,149,Purified Water,1871.6,2075.310,412.827
790,Bar,149,Purified Water,1873.0,2075.310,412.827
791,Bar,149,Purified Water,1873.8,2075.310,412.827
792,Bar,149,Purified Water,1874.6,2075.310,412.827
793,Bar,149,Cup,1880.0,2075.310,412.827
794,Bar,149,Dandy Boy Apples,1895.6,2308.442,820.033
795,Bar,149,InstaMash,1896.2,2308.442,820.033
796,Bar,150,Sunset Sarsaparilla,752.6,1751.227,496.574
797,Bar,150,Sunset Sarsaparilla,753.9,1751.227,496.574
798,Bar,150,Sunset Sarsaparilla,755.4,1751.227,496.574
799,Bar,150,Sunset Sarsaparilla,758.9,1855.240,347.271
800,Bar,150,Sunset Sarsaparilla,764.6,1758.522,681.473
801,Bar,150,Sunset Sarsaparilla,766.6,1809.368,864.669
802,Bar,150,Sunset Sarsaparilla,767.6,1809.368,864.669
803,Bar,150,Sunset Sarsaparilla,768.7,1809.368,864.669
804,Bar,150,Sunset Sarsaparilla,793.2,2015.809,626.495
805,Bar,150,Sunset Sarsaparilla,793.9,2015.809,626.495
806,Bar,151,Ashtray,606.8,1738.227,540.660
807,Bar,151,Sunset Sarsaparilla,609.0,1738.227,540.660
808,Bar,151,Shot glass,611.6,1738.284,540.699
809,Bar,151,Sunset Sarsaparilla,612.6,1738.284,540.699
810,Bar,151,Glass Pitcher,613.8,1738.284,540.699
811,Bar,151,Sunset Sarsaparilla,615.0,1738.284,540.699
812,Bar,151,Coffee Mug,689.7,1296.294,835.211
813,Bar,151,Ashtray,693.3,1296.277,835.156
814,SheriffOffice,151,Pre-War Book,1005.9,2016.595,1430.726
815,Mine,152,Buffalo Gourd Seed,2401.9,-213.464,2488.173
816,Mine,152,InstaMash,2402.5,-213.464,2488.173
817,Mine,152,Buffalo Gourd Seed,2407.1,-185.658,2430.186
818,Mine,152,Lad's Life,2439.9,-1365.462,1586.292
819,Bar,152,Sunset Sarsaparilla,2662.9,2062.792,609.646
820,Bar,152,Sunset Sarsaparilla,2664.1,2062.792,609.646
821,Bar,152,Sunset Sarsaparilla,2668.9,2062.792,687.440
822,Bar,152,Sunset Sarsaparilla,2669.9,2062.792,687.440
823,Bar,152,Sunset Sarsaparilla,2670.7,2062.792,687.440
824,Bar,152,Sunset Sarsaparilla,2671.3,2062.792,687.440
825,Bar,152,Sunset Sarsaparilla,2680.7,2027.277,426.179
826,Bar,152,Sunset Sarsaparilla,2682.3,1945.851,475.812
827,Bar,152,Sunset Sarsaparilla,2684.1,1938.033,510.105
828,Bar,152,Sunset Sarsaparilla,2686.1,1934.363,555.832
829,Bar,152,Sunset Sarsaparilla,2687.7,1935.782,617.234
830,Bar,152,Sunset Sarsaparilla,2689.1,1935.782,617.234
831,Bar,152,Sunset Sarsaparilla,2691.1,2063.028,737.227
832,Bar,152,Sunset Sarsaparilla,2691.9,2014.958,733.852
833,Bar,153,Sunset Sarsaparilla,1380.5,1859.783,839.340
834,Bar,153,Sunset Sarsaparilla,1383.4,1859.783,839.340
835,Bar,153,Sunset Sarsaparilla,1386.9,1859.783,839.340
836,Bar,153,Sunset Sarsaparilla,1389.7,1838.010,770.820
837,Bar,153,Sunset Sarsaparilla,1393.3,1766.006,695.769
838,Bar,153,Sunset Sarsaparilla,1395.4,1787.961,608.005
839,Bar,153,Sunset Sarsaparilla,1398.9,1779.071,427.878
840,Bar,153,Sunset Sarsaparilla,1400.4,1779.071,427.878
841,Bar,153,Sunset Sarsaparilla,1448.0,2012.486,586.317
842,Bar,153,Sunset Sarsaparilla,1448.8,2012.486,586.317
843,Outside,153,Large Burned Book,2465.6,0.000,0.000
844,Outside,153,Large Burned Book,2469.3,8723.871,4790.087
845,Outside,153,Pressure Cooker,2471.0,0.000,0.000
846,Outside,153,Pressure Cooker,2472.6,8687.475,4782.644
847,Bar,156,InstaMash,1487.0,2362.579,804.892
848,Bar,156,Sunset Sarsaparilla,2106.0,1702.364,628.710
849,Bar,156,Sunset Sarsaparilla,2108.6,1732.150,517.884
850,Bar,156,Sunset Sarsaparilla,2110.0,1739.023,438.752
851,Bar,156,Sunset Sarsaparilla,2111.8,1813.501,336.443
852,Bar,156,Glass Pitcher,2302.5,1727.167,632.830
853,Bar,156,Sunset Sarsaparilla,2305.1,1773.361,639.512
854,Bar,156,Sunset Sarsaparilla,2306.7,1791.107,708.894
855,Bar,156,Sunset Sarsaparilla,2307.9,1823.723,731.844
856,Bar,156,Sunset Sarsaparilla,2310.5,1893.858,832.587
857,Introhouse,157,Pre-War Book,119.8,283.069,273.802
858,Bar,157,Shot glass,1791.8,1807.092,702.004
859,Bar,157,Sunset Sarsaparilla,1794.7,1807.092,702.004
860,Bar,157,Sunset Sarsaparilla,1797.0,1807.092,702.004
861,Bar,157,Sunset Sarsaparilla,1803.0,1792.999,610.331
862,Bar,157,Sunset Sarsaparilla,1809.4,1840.917,444.324
863,Bar,157,Sunset Sarsaparilla,1810.9,1840.917,444.324
864,Bar,157,Sunset Sarsaparilla,1813.9,1901.163,731.269
865,Bar,157,Sunset Sarsaparilla,1814.9,1901.163,731.269
866,Bar,157,Sunset Sarsaparilla,1817.7,2062.792,633.024
867,Bar,157,Sunset Sarsaparilla,1818.7,2062.792,633.024
868,Introhouse,158,Pre-War Book,183.0,247.065,242.685
869,Introhouse,158,Pot,412.8,1807.650,303.119
870,Bar,158,InstaMash,1026.1,2319.616,756.662
871,Bar,158,InstaMash,1026.7,2319.616,756.662
872,Bar,158,Dandy Boy Apples,1029.5,2319.616,756.662
873,Bar,158,Dandy Boy Apples,1031.3,2319.616,756.662
874,Bar,158,Toaster,1031.7,2319.616,756.662
875,Bar,158,Pot,1038.7,2291.829,839.414
876,Bar,158,Sunset Sarsaparilla,1598.5,1753.172,671.666
877,Bar,158,Sunset Sarsaparilla,1599.7,1753.172,671.666
878,Bar,158,Ashtray,1603.3,1752.886,672.357
879,Bar,158,Sunset Sarsaparilla,1605.1,1793.000,601.479
880,Bar,158,Sunset Sarsaparilla,1608.1,1817.002,449.135
881,Bar,158,Sunset Sarsaparilla,1609.1,1817.002,449.135
882,Bar,158,Sunset Sarsaparilla,1610.9,2038.120,513.017
883,Bar,158,Sunset Sarsaparilla,1611.9,2061.175,545.656
884,Bar,158,Sunset Sarsaparilla,1613.5,2060.518,694.073
885,Bar,158,Sunset Sarsaparilla,1614.5,2006.257,732.292
886,Bar,158,Sunset Sarsaparilla,1615.5,1965.165,709.977
887,Bar,158,Shot glass,1617.5,1963.284,707.039
888,Introhouse,159,Pot,325.8,2034.480,303.119
889,Introhouse,159,Pre-War Book,613.0,328.894,233.857
890,Introhouse,159,Pre-War Book,616.2,328.845,233.877
891,Bar,159,Ashtray,818.9,1757.535,504.251
892,Bar,159,Glass Pitcher,819.7,1757.535,504.251
893,Bar,159,Ashtray,820.3,1757.535,504.251
894,Bar,159,Sunset Sarsaparilla,820.9,1757.535,504.251
895,Bar,159,Shot glass,821.5,1757.535,504.251
896,Bar,159,Sunset Sarsaparilla,822.1,1757.535,504.251
897,Bar,159,Glass Pitcher,822.5,1757.535,504.251
898,Bar,159,Sunset Sarsaparilla,825.7,1757.592,504.244
899,Bar,159,Drinking Glass,826.1,1757.592,504.244
900,Bar,159,Sunset Sarsaparilla,830.5,1748.403,694.971
901,Bar,159,Ashtray,831.1,1748.403,694.971
902,Bar,159,Sunset Sarsaparilla,831.5,1748.403,694.971
903,Bar,159,Sunset Sarsaparilla,835.1,1834.254,763.867
904,Bar,159,Shot glass,836.5,1837.126,769.191
905,Bar,159,Sunset Sarsaparilla,838.3,1837.473,769.758
906,Bar,159,Dinner Plate,838.9,1837.726,770.169
907,Bar,159,Ashtray,839.3,1837.722,770.171
908,Bar,159,Sunset Sarsaparilla,848.9,2062.792,615.266
909,Bar,159,Carton of Cigarettes,849.3,2062.792,615.266
910,Bar,159,Coffee Pot,849.7,2062.792,615.266
911,Bar,159,Sunset Sarsaparilla,855.3,2062.792,615.240
912,Bar,159,Glass Pitcher,856.3,2062.792,615.240
913,Bar,159,Glass Pitcher,856.7,2062.792,615.240
914,Bar,159,Glass Pitcher,857.1,2062.792,615.240
915,Bar,159,Glass Pitcher,857.3,2062.792,615.240
916,Bar,159,Glass Pitcher,857.5,2062.792,615.240
917,Bar,159,Glass Pitcher,857.7,2062.792,615.240
918,Bar,159,Glass Pitcher,858.1,2062.792,615.240
919,Bar,159,Glass Pitcher,858.3,2062.792,615.240
920,Bar,159,Cup,860.9,2062.792,615.204
921,Bar,159,Cup,861.1,2062.792,615.204
922,Bar,159,Cup,863.3,2062.792,615.204
923,Bar,159,Cup,863.5,2062.792,615.204
924,Bar,159,Cup,863.7,2062.792,615.204
925,Bar,159,Shot glass,864.3,2062.792,615.204
926,Bar,159,Shot glass,864.7,2062.792,615.204
927,Bar,159,Shot glass,866.1,2062.792,615.204
928,Bar,159,Shot glass,866.5,2062.792,615.204
929,Bar,159,Shot glass,866.9,2062.792,615.204
930,Bar,159,Shot glass,867.1,2062.792,615.204
931,Bar,159,Shot glass,867.3,2062.792,615.204
932,Bar,159,Shot glass,867.5,2062.792,615.204
933,Bar,159,Shot glass,867.7,2062.792,615.204
934,Bar,159,Shot glass,867.9,2062.792,615.204
935,Bar,159,Shot glass,868.1,2062.792,615.204
936,Bar,159,Shot glass,868.7,2062.792,615.204
937,Bar,159,Shot glass,868.9,2062.792,615.204
938,Bar,159,Shot glass,869.1,2062.792,615.204
939,Bar,159,Shot glass,869.3,2062.792,615.204
940,Bar,159,Shot glass,869.7,2062.792,615.204
941,Bar,159,Cup,870.5,2062.792,615.204
942,Bar,159,Cup,873.5,2062.792,641.907
943,Bar,159,Cup,877.5,2049.614,477.406
944,Bar,159,Cup,877.7,2049.614,477.406
945,Bar,159,Cup,877.9,2049.614,477.406
946,Bar,159,Cup,878.3,2049.614,477.406
947,Bar,159,Cup,878.5,2049.614,477.406
948,Bar,159,Cup,878.7,2049.614,477.406
949,Bar,159,Cup,878.9,2049.614,477.406
950,Bar,159,Cup,879.1,2049.614,477.406
951,Bar,159,Cup,879.9,2049.614,477.406
952,Bar,159,Milk Bottle,880.9,2049.614,477.406
953,Bar,159,Milk Bottle,882.3,2049.614,477.406
954,Bar,159,Milk Bottle,883.7,2049.614,477.406
955,Bar,159,Milk Bottle,885.3,2049.614,477.406
956,Bar,159,Purified Water,885.7,2049.614,477.406
957,Bar,159,Purified Water,887.5,2049.614,477.406
958,Bar,159,Purified Water,888.5,2049.614,477.406
959,Bar,159,Purified Water,888.7,2049.614,477.406
960,Bar,159,Purified Water,888.9,2049.614,477.406
961,Bar,159,Purified Water,890.1,2049.614,477.406
962,Bar,159,Purified Water,891.3,2049.614,477.406
963,Bar,159,Drinking Glass,907.1,2062.792,622.429
964,Bar,159,Drinking Glass,907.3,2062.792,622.429
965,Bar,159,Drinking Glass,907.5,2062.792,622.429
966,Bar,159,Drinking Glass,907.9,2062.792,622.429
967,Bar,159,Drinking Glass,908.1,2062.792,622.429
968,Bar,159,Coffee Mug,908.3,2062.792,622.429
969,Bar,159,Coffee Mug,908.5,2062.792,622.429
970,Bar,159,Coffee Mug,908.9,2062.792,622.429
971,Bar,159,Coffee Mug,909.5,2062.792,622.429
972,Bar,159,Coffee Mug,909.7,2062.792,622.429
973,Bar,159,Drinking Glass,912.1,2062.792,622.429
974,Bar,159,Nuka-Cola,912.9,2062.792,622.429
975,Bar,159,Nuka-Cola,913.1,2062.792,622.429
976,Bar,159,Nuka-Cola,914.3,2062.792,622.432
977,Bar,159,Whiskey,916.3,2062.792,622.429
978,Bar,159,Vodka,916.9,2062.792,622.429
979,Bar,159,Vodka,918.1,2062.792,622.429
980,Bar,159,Sunset Sarsaparilla,918.9,2050.270,694.031
981,Bar,159,Vodka,919.5,2050.270,694.031
982,Bar,159,Vodka,920.1,2050.270,694.031
983,Bar,159,Sunset Sarsaparilla,922.1,2029.312,736.325
984,Bar,159,Sunset Sarsaparilla,922.3,2029.312,736.325
985,Bar,159,Sunset Sarsaparilla,924.5,2031.532,736.325
986,Bar,159,Coffee Mug,926.5,2031.532,736.325
987,Bar,159,Scotch,933.1,2055.666,486.194
988,Bar,159,Whiskey,948.9,2062.791,580.621
989,Bar,159,Whiskey,949.7,2062.791,580.621
990,Bar,159,Wine,951.1,2062.791,580.621
991,Bar,159,Wine,957.1,2062.791,495.130
992,Bar,159,Wine,957.9,2062.791,495.130
993,Bar,159,Glass Pitcher,965.1,2062.791,526.762
994,Bar,159,Glass Pitcher,965.5,2062.791,526.762
995,Bar,159,Dinner Plate,991.5,2104.994,896.482
996,Bar,159,Pot,1000.7,2345.565,986.001
997,Bar,159,Tin Can,1022.3,2364.750,693.715
998,Bar,159,Tin Can,1022.7,2364.750,693.715
999,Bar,159,Tin Can,1022.9,2364.750,693.715
1000,Bar,159,Toaster,1023.5,2364.750,693.715
1001,Bar,159,InstaMash,1026.1,2315.404,726.252
1002,Bar,159,InstaMash,1026.5,2315.404,726.252
1003,Bar,159,Dandy Boy Apples,1026.9,2315.404,726.252
1004,Bar,159,Dandy Boy Apples,1027.3,2315.404,726.252
1005,Bar,159,Buffalo Gourd Seed,1028.3,2315.404,726.252
1006,Bar,159,Buffalo Gourd Seed,1028.7,2315.469,726.316
1007,Bar,159,Grilled Mantis,1028.9,2315.469,726.316
1008,Bar,159,YumYum Deviled Eggs,1029.5,2315.469,726.316
1009,Bar,159,Flour,1030.5,2315.469,726.316
1010,Bar,159,Flour,1031.1,2315.469,726.316
1011,Bar,159,Pre-War Book,1064.0,2014.927,961.330
1012,Bar,159,Pre-War Book,1064.4,2014.927,961.265
1013,Bar,159,Pre-War Book,1064.6,2014.927,961.228
1014,Bar,159,Pre-War Book,1064.8,2014.927,961.203
1015,Bar,159,Pre-War Book,1065.0,2014.927,961.184
1016,Bar,159,Pre-War Book,1065.2,2014.927,961.174
1017,Bar,159,Pre-War Book,1065.4,2014.927,961.174
1018,Bar,159,Pre-War Book,1065.6,2014.927,961.174
1019,Bar,159,Pre-War Book,1065.8,2014.927,961.174
1020,Bar,159,Pre-War Book,1066.0,2014.927,961.174
1021,Bar,159,Pre-War Book,1066.2,2014.927,961.174
1022,Bar,159,Pre-War Book,1066.4,2014.927,961.174
1023,Bar,159,Pre-War Book,1066.6,2014.927,961.174
1024,Bar,159,Pre-War Book,1066.8,2014.927,961.174
1025,Bar,159,Pre-War Book,1067.0,2014.927,961.174
1026,Bar,159,Pre-War Book,1067.2,2014.927,961.174
1027,Bar,159,Pre-War Book,1067.4,2014.927,961.174
1028,Bar,159,Pre-War Book,1067.6,2014.927,961.174
1029,Bar,159,Pre-War Book,1067.8,2014.927,961.174
1030,Bar,159,Pre-War Book,1068.0,2014.927,961.174
1031,Bar,159,Pre-War Book,1068.2,2014.927,961.174
1032,Bar,159,Pre-War Book,1069.0,2014.927,961.174
1033,Bar,159,Pre-War Book,1069.2,2014.927,961.174
1034,Bar,159,Pre-War Book,1069.4,2014.927,961.174
1035,Bar,159,Pre-War Book,1069.6,2014.927,961.174
1036,Bar,159,Pre-War Book,1069.8,2014.927,961.174
1037,Bar,159,Pre-War Book,1070.2,2014.927,961.174
1038,Bar,159,Pre-War Book,1070.6,2014.927,961.174
1039,Bar,159,Pre-War Book,1070.8,2014.927,961.174
1040,Bar,159,Pre-War Book,1070.8,2014.927,961.174
1041,Bar,159,Pre-War Book,1071.0,2014.927,961.174
1042,Bar,159,Pre-War Book,1071.2,2014.927,961.174
1043,Bar,159,Pre-War Book,1071.4,2014.927,961.174
1044,Bar,159,Pre-War Book,1072.6,2014.927,961.174
1045,Bar,159,Pre-War Book,1072.8,2014.927,961.174
1046,Bar,159,Pre-War Book,1073.2,2014.927,961.174
1047,Bar,159,Pre-War Book,1073.4,2014.927,961.174
1048,Bar,159,Pre-War Book,1073.6,2014.927,961.174
1049,Bar,159,Pre-War Book,1073.8,2014.927,961.174
1050,Bar,159,Pre-War Book,1074.0,2014.927,961.174
1051,Bar,159,Pre-War Book,1074.2,2014.927,961.174
1052,Bar,159,Pre-War Book,1074.4,2014.927,961.174
1053,Bar,159,Pre-War Book,1075.0,2014.927,961.174
1054,Bar,159,Pre-War Book,1075.6,2014.927,961.174
1055,Bar,159,Pre-War Book,1075.8,2014.927,961.174
1056,Bar,159,Pre-War Book,1076.0,2014.927,961.174
1057,Bar,159,Pre-War Book,1076.4,2014.927,961.174
1058,Bar,159,Pre-War Book,1076.6,2014.927,961.174
1059,Bar,159,Pre-War Book,1076.8,2014.927,961.174
1060,Bar,159,Pre-War Book,1078.6,2014.927,961.174
1061,Bar,159,Pre-War Book,1078.8,2014.927,961.174
1062,Bar,159,Pre-War Book,1079.0,2014.927,961.174
1063,Bar,159,Pre-War Book,1079.2,2014.927,961.174
1064,Bar,159,Pre-War Book,1079.4,2014.927,961.174
1065,Bar,159,Pre-War Book,1079.6,2014.927,961.174
1066,Bar,159,Pre-War Book,1079.8,2014.927,961.174
1067,Bar,159,Pre-War Book,1080.8,2014.927,961.174
1068,Bar,159,Empty Sunset Sarsaparilla Bottle,1112.5,1815.115,840.816
1069,Bar,159,Ashtray,1112.9,1815.115,840.816
1070,Bar,159,Empty Sunset Sarsaparilla Bottle,1113.2,1815.115,840.816
1071,Bar,159,Pack of Cigarettes,1123.5,1593.021,937.788
1072,Bar,159,Chessboard,1126.1,1592.919,937.680
1073,Bar,159,Coffee Mug,1129.5,1582.374,896.898
1074,Bar,159,Ashtray,1129.7,1582.374,896.898
1075,Bar,159,Ashtray,1137.7,1337.527,961.907
1076,Bar,159,Sunset Sarsaparilla Star Bottle Cap,1139.3,1354.086,960.386
1077,Bar,159,Empty Sunset Sarsaparilla Bottle,1139.5,1354.086,960.386
1078,Bar,159,Empty Whiskey Bottle,1139.7,1354.086,960.386
1079,Bar,159,Dinner Plate,1142.3,1278.093,849.705
1080,Bar,159,Shot glass,1142.5,1276.121,846.708
1081,Bar,159,Empty Whiskey Bottle,1142.7,1276.121,846.708
1082,Bar,159,Ashtray,1143.1,1276.078,846.631
1083,Bar,159,Shot glass,1147.3,1229.936,516.780
1084,Bar,159,Dinner Plate,1147.7,1230.083,516.340
1085,Bar,159,Cup,1147.9,1230.083,516.340
1086,Bar,159,Dinner Plate,1148.1,1230.083,516.340
1087,Bar,159,Ashtray,1150.1,1249.149,447.500
1088,Bar,159,Cup,1150.3,1249.796,444.277
1089,Bar,159,Ashtray,1159.1,1331.882,447.707
1090,Bar,159,Ashtray,1159.9,1331.882,447.707
1091,Bar,159,Empty Whiskey Bottle,1179.9,1513.262,457.676
1092,Bar,159,Shot glass,1180.1,1513.262,457.676
1093,Bar,159,Ashtray,1180.3,1513.262,457.676
1094,Bar,159,Pack of Cigarettes,1180.5,1513.262,457.676
1095,Bar,159,Glass Pitcher,1180.7,1513.262,457.676
1096,Bar,159,Shot glass,1180.9,1513.262,457.676
1097,Bar,159,Shot glass,1183.5,1537.878,436.438
1098,Bar,159,Shot glass,1183.9,1537.878,436.438
1099,Bar,159,Booth,1184.3,1537.878,436.438
1100,SheriffOffice,159,Pre-War Book,1291.1,1804.609,1635.730
1101,SheriffOffice,159,Pre-War Book,1291.3,1804.609,1635.730
1102,SheriffOffice,159,Pre-War Book,1291.7,1804.609,1635.730
1103,SheriffOffice,159,Pre-War Book,1291.9,1804.609,1635.730
1104,SheriffOffice,159,Pre-War Book,1298.1,1900.735,1652.951
1105,SheriffOffice,159,Pre-War Book,1298.3,1900.735,1652.951
1106,SheriffOffice,159,Pre-War Book,1298.7,1900.735,1652.951
1107,SheriffOffice,159,Pre-War Book,1368.9,2002.361,1382.428
1108,SheriffOffice,159,Pre-War Book,1369.1,2002.361,1382.428
1109,SheriffOffice,159,Pre-War Book,1369.3,2002.361,1382.428
1110,SheriffOffice,159,Pre-War Book,1369.5,2002.361,1382.428
1111,SheriffOffice,159,Pre-War Book,1369.7,2002.361,1382.428
1112,SheriffOffice,159,Pre-War Book,1369.9,2002.361,1382.428
1113,SheriffOffice,159,Pre-War Book,1370.1,2002.361,1382.428
1114,SheriffOffice,159,Pre-War Book,1370.3,2002.361,1382.428
1115,SheriffOffice,159,Pre-War Book,1370.5,2002.361,1382.428
1116,SheriffOffice,159,Pre-War Book,1370.7,2002.313,1382.514
1117,SheriffOffice,159,Pre-War Book,1370.9,2002.313,1382.514
1118,SheriffOffice,159,Pre-War Book,1371.1,2002.313,1382.514
1119,SheriffOffice,159,Pre-War Book,1371.3,2002.313,1382.514
1120,SheriffOffice,159,Pre-War Book,1371.5,2002.313,1382.514
1121,SheriffOffice,159,Pre-War Book,1371.7,2002.313,1382.514
1122,SheriffOffice,159,Pre-War Book,1371.9,2002.313,1382.514
1123,SheriffOffice,159,Pre-War Book,1372.1,2002.313,1382.514
1124,SheriffOffice,159,Pre-War Book,1372.3,2002.313,1382.514
1125,SheriffOffice,159,Pre-War Book,1372.5,2002.313,1382.514
1126,SheriffOffice,159,Pre-War Book,1372.7,2002.313,1382.514
1127,SheriffOffice,159,Pre-War Book,1372.9,2002.313,1382.514
1128,SheriffOffice,159,Pre-War Book,1373.1,2002.313,1382.514
1129,SheriffOffice,159,Pre-War Book,1373.3,2002.313,1382.514
1130,SheriffOffice,159,Pre-War Book,1373.7,2002.313,1382.514
1131,SheriffOffice,159,Pre-War Book,1373.9,2002.313,1382.514
1132,SheriffOffice,159,Pre-War Book,1374.1,2002.313,1382.514
1133,SheriffOffice,159,Pre-War Book,1374.3,2002.313,1382.514
1134,SheriffOffice,159,Pre-War Book,1374.7,2002.313,1382.514
1135,SheriffOffice,159,Pre-War Book,1374.9,2002.313,1382.514
1136,SheriffOffice,159,Pre-War Book,1375.1,2002.313,1382.514
1137,SheriffOffice,159,Pre-War Book,1375.5,2002.313,1382.514
1138,SheriffOffice,159,Pre-War Book,1375.9,2002.313,1382.514
1139,SheriffOffice,159,Pre-War Book,1376.1,2002.313,1382.514
1140,SheriffOffice,159,Pre-War Book,1376.1,2002.313,1382.514
1141,SheriffOffice,159,Pre-War Book,1376.3,2002.313,1382.514
1142,SheriffOffice,159,Pre-War Book,1376.5,2002.313,1382.514
1143,SheriffOffice,159,Pre-War Book,1376.7,2002.313,1382.514
1144,SheriffOffice,159,Pre-War Book,1377.1,2002.313,1382.514
1145,SheriffOffice,159,Pre-War Book,1377.3,2002.313,1382.514
1146,SheriffOffice,159,Pre-War Book,1377.7,2002.313,1382.514
1147,SheriffOffice,159,Pre-War Book,1378.1,2002.313,1382.514
1148,Introhouse,160,Pre-War Book,238.0,311.139,251.424
1149,Introhouse,160,Pre-War Book,252.4,310.739,251.420
1150,SheriffOffice,160,Pre-War Book,1693.4,1903.898,1661.619
1151,SheriffOffice,160,Pre-War Book,1693.7,1903.898,1661.619
1152,SheriffOffice,160,Pre-War Book,1694.0,1903.898,1661.619
1153,SheriffOffice,160,Pre-War Book,1694.2,1903.898,1661.619
1154,SheriffOffice,160,Pre-War Book,1694.4,1903.898,1661.619
1155,SheriffOffice,160,Pre-War Book,1695.0,1903.937,1661.578
1156,SheriffOffice,160,Pre-War Book,1697.1,1903.937,1661.578
1157,Introhouse,161,Pre-War Book,185.6,262.586,273.802
1158,Introhouse,161,Coffee Mug,654.7,937.178,1524.605
1159,Introhouse,161,Coffee Mug,656.2,937.178,1524.605
1160,Introhouse,161,Pre-War Book,1146.8,772.507,1385.597
1161,Introhouse,161,Pot,1312.5,1784.308,283.555
1162,Introhouse,161,Pot,1349.9,1938.415,299.325
1163,Bar,161,Dinner Plate,1649.4,1238.507,703.441
1164,Bar,161,Ashtray,1655.8,1263.474,912.960
1165,Bar,161,Empty Sunset Sarsaparilla Bottle,1662.0,1373.308,872.071
1166,Bar,161,Coffee Mug,1665.4,1373.308,872.071
1167,Bar,161,Sunset Sarsaparilla Star Bottle Cap,1668.4,1373.317,872.098
1168,Bar,161,Empty Whiskey Bottle,1670.0,1373.342,872.182
1169,Bar,161,Ashtray,1671.0,1373.342,872.182
1170,Bar,161,Pack of Cigarettes,1676.6,1373.450,872.541
1171,Bar,161,Chessboard,1679.4,1373.450,872.541
1172,Bar,161,Ashtray,1684.8,1392.792,647.813
1173,Bar,161,Ashtray,1688.0,1393.019,647.523
1174,Bar,161,Dinner Plate,1692.2,0.000,0.000
1175,Bar,161,Dinner Plate,1696.8,0.000,0.000
1176,Bar,161,Dinner Plate,1717.8,0.000,0.000
1177,Bar,161,Dinner Plate,1723.4,1245.089,451.956
1178,Bar,161,Shot glass,1726.2,1245.089,451.956
1179,Bar,161,Dinner Plate,1726.6,1245.089,451.956
1180,Bar,161,Empty Sunset Sarsaparilla Bottle,1727.2,1245.089,451.956
1181,Bar,161,Ashtray,1727.6,1245.089,451.956
1182,Bar,161,Cup,1727.8,1245.089,451.956
1183,Bar,161,Cup,1729.4,1245.089,451.956
1184,Bar,161,Ashtray,1734.0,1443.379,422.273
1185,Bar,161,Empty Whiskey Bottle,1761.0,1516.629,455.947
1186,Bar,161,Ashtray,1762.2,1516.629,455.947
1187,Bar,161,Shot glass,1763.0,1516.629,455.947
1188,Bar,161,Glass Pitcher,1764.0,1516.629,455.947
1189,Bar,161,Pack of Cigarettes,1765.2,1516.629,455.947
1190,Bar,161,Shot glass,1766.6,1516.629,455.947
1191,Bar,161,Shot glass,1768.0,1516.629,455.947
1192,Bar,161,Shot glass,1770.8,1552.724,436.352
1193,Bar,161,Glass Pitcher,1774.6,1779.483,491.414
1194,Bar,161,Sunset Sarsaparilla,1776.4,1779.483,491.414
1195,Bar,161,Ashtray,1777.4,1779.483,491.414
1196,Bar,161,Shot glass,1778.2,1779.483,491.414
1197,Bar,161,Sunset Sarsaparilla,1778.8,1779.483,491.414
1198,Bar,161,Glass Pitcher,1782.4,1797.771,599.541
1199,Bar,161,Sunset Sarsaparilla,1783.6,1797.771,599.541
1200,Bar,161,Ashtray,1784.2,1797.771,599.541
1201,Bar,161,Sunset Sarsaparilla,1787.0,1807.403,658.663
1202,Bar,161,Shot glass,1790.4,1807.031,658.733
1203,Bar,161,Sunset Sarsaparilla,1795.0,1871.357,809.458
1204,Bar,161,Ashtray,1796.2,1871.357,809.458
1205,Bar,161,Dinner Plate,1796.8,1871.357,809.458
1206,Bar,161,Dinner Plate,1797.2,1871.357,809.458
1207,Bar,161,Sunset Sarsaparilla,1798.0,1871.357,809.458
1208,Bar,161,Carton of Cigarettes,1810.6,2122.807,775.639
1209,Bar,161,Coffee Pot,1811.4,2122.807,775.639
1210,Bar,161,Carton of Cigarettes,1812.0,2122.807,775.639
1211,Bar,161,Sunset Sarsaparilla,1812.6,2122.807,775.639
1212,Bar,161,Sunset Sarsaparilla,1816.6,1997.201,565.988
1213,Bar,161,Glass Pitcher,1817.8,1997.201,565.988
1214,Bar,161,Glass Pitcher,1818.2,1997.201,565.988
1215,Bar,161,Glass Pitcher,1818.4,1997.201,565.988
1216,Bar,161,Glass Pitcher,1818.6,1997.201,565.988
1217,Bar,161,Glass Pitcher,1818.8,1997.201,565.988
1218,Bar,161,Glass Pitcher,1818.8,1997.201,565.988
1219,Bar,161,Glass Pitcher,1821.2,2062.792,518.746
1220,Bar,161,Glass Pitcher,1821.6,2062.792,518.746
1221,Bar,161,Glass Pitcher,1822.2,2062.792,518.746
1222,Bar,161,Glass Pitcher,1822.4,2062.792,518.746
1223,Bar,161,Cup,1823.4,2062.792,518.746
1224,Bar,161,Cup,1823.6,2062.792,518.746
1225,Bar,161,Cup,1823.8,2062.792,518.746
1226,Bar,161,Cup,1825.2,2062.792,518.746
1227,Bar,161,Cup,1825.8,2062.792,518.746
1228,Bar,161,Cup,1826.4,2062.792,518.746
1229,Bar,161,Cup,1826.6,2062.792,518.746
1230,Bar,161,Cup,1826.8,2062.792,518.746
1231,Bar,161,Cup,1827.2,2062.792,518.746
1232,Bar,161,Cup,1827.8,2062.792,518.746
1233,Bar,161,Cup,1828.2,2062.792,518.746
1234,Bar,161,Cup,1828.8,2062.792,518.746
1235,Bar,161,Cup,1829.8,2062.792,518.746
1236,Bar,161,Cup,1831.0,2062.792,518.746
1237,Bar,161,Cup,1831.6,2062.792,518.746
1238,Bar,161,Cup,1832.0,2062.792,518.746
1239,Bar,161,Shot glass,1832.8,2062.792,518.746
1240,Bar,161,Shot glass,1833.0,2062.792,518.746
1241,Bar,161,Shot glass,1833.6,2062.792,518.746
1242,Bar,161,Drinking Glass,1852.4,2074.278,741.887
1243,Bar,161,Drinking Glass,1852.8,2074.278,741.887
1244,Bar,161,Drinking Glass,1852.8,2074.278,741.887
1245,Bar,161,Drinking Glass,1853.0,2074.278,741.887
1246,Bar,161,Sunset Sarsaparilla,1862.2,2074.278,741.887
1247,Bar,161,Sunset Sarsaparilla,1864.0,2074.278,741.887
1248,Bar,161,Sunset Sarsaparilla,1867.4,2074.278,741.887
1249,Bar,161,Coffee Mug,1869.2,2074.278,741.887
1250,Bar,161,Coffee Mug,1869.8,2074.278,741.887
1251,Bar,161,Purified Water,1886.6,2062.792,489.831
1252,Bar,161,Purified Water,1888.8,2059.789,490.400
1253,Bar,161,Purified Water,1889.2,2059.789,490.400
1254,Bar,161,Purified Water,1889.4,2059.789,490.400
1255,Bar,161,Purified Water,1889.6,2059.789,490.400
1256,Bar,161,Purified Water,1891.0,2059.822,490.446
1257,Bar,161,Milk Bottle,1891.8,2059.822,490.446
1258,Bar,161,Purified Water,1893.2,2059.974,490.453
1259,Bar,161,Milk Bottle,1893.4,2059.974,490.453
1260,Bar,161,Milk Bottle,1895.0,2059.974,490.453
1261,Bar,161,Milk Bottle,1895.2,2060.128,490.409
1262,Bar,161,Shot glass,1901.6,2062.792,596.418
1263,Bar,161,Shot glass,1901.8,2062.792,596.418
1264,Bar,161,Shot glass,1902.4,2062.792,596.538
1265,Bar,161,Shot glass,1902.6,2062.792,596.538
1266,Bar,161,Shot glass,1902.8,2062.792,596.538
1267,Bar,161,Shot glass,1903.4,2062.792,596.538
1268,Bar,161,Shot glass,1903.6,2062.792,596.578
1269,Bar,161,Shot glass,1904.2,2062.792,596.578
1270,Bar,161,Shot glass,1905.0,2062.792,596.734
1271,Bar,161,Shot glass,1905.2,2062.792,596.822
1272,Bar,161,Shot glass,1905.4,2062.792,596.822
1273,Bar,161,Drinking Glass,1905.8,2062.792,596.822
1274,Bar,161,Nuka-Cola,1911.2,2062.792,597.307
1275,Bar,161,Nuka-Cola,1915.4,2062.792,597.307
1276,Bar,161,Nuka-Cola,1919.4,2062.792,597.526
1277,Bar,161,Wine,1923.2,2062.792,597.526
1278,Bar,161,Wine,1926.4,2062.792,597.526
1279,Bar,161,Whiskey,1931.6,2062.792,597.526
1280,Bar,161,Coffee Mug,1939.8,2085.903,755.234
1281,Bar,161,Coffee Mug,1942.6,2086.023,755.357
1282,Bar,161,Coffee Mug,1943.2,2086.023,755.357
1283,Bar,161,Empty Sunset Sarsaparilla Bottle,2005.4,1738.513,696.540
1284,Bar,161,Empty Sunset Sarsaparilla Bottle,2005.7,1738.513,696.540
1285,Bar,161,Pre-War Book,2010.2,1920.102,918.263
1286,Bar,161,Pre-War Book,2010.7,1920.102,918.263
1287,Bar,161,Pre-War Book,2010.9,1920.102,918.263
1288,Bar,161,Pre-War Book,2011.2,1920.102,918.263
1289,Bar,161,Pre-War Book,2011.4,1920.102,918.263
1290,Bar,161,Pre-War Book,2011.7,1920.102,918.263
1291,Bar,161,Pre-War Book,2011.9,1920.102,918.263
1292,Bar,161,Pre-War Book,2012.0,1920.102,918.263
1293,Bar,161,Pre-War Book,2012.2,1920.108,918.327
1294,Bar,161,Pre-War Book,2012.9,1920.108,918.327
1295,Bar,161,Pre-War Book,2013.0,1920.108,918.327
1296,Bar,161,Pre-War Book,2013.2,1920.108,918.327
1297,Bar,161,Pre-War Book,2013.4,1920.108,918.327
1298,Bar,161,Pre-War Book,2013.9,1920.108,918.327
1299,Bar,161,Pre-War Book,2014.0,1920.108,918.327
1300,Bar,161,Pre-War Book,2015.4,1919.958,918.453
1301,Bar,161,Pre-War Book,2017.2,1919.958,918.453
1302,Bar,161,Pre-War Book,2017.7,1919.958,918.453
1303,Bar,161,Pot,2023.4,2284.912,941.163
1304,Bar,161,Pressure Cooker,2025.6,2284.912,941.163
1305,Bar,161,InstaMash,2063.4,2364.112,772.604
1306,Bar,161,InstaMash,2065.2,2364.112,772.604
1307,Bar,161,Dandy Boy Apples,2069.4,2364.121,772.709
1308,Bar,161,Tin Can,2074.0,2364.121,772.709
1309,Bar,161,Tin Can,2076.4,2364.145,772.969
1310,Bar,161,Tin Can,2083.6,2356.418,831.109
1311,Bar,161,Toaster,2085.0,2356.582,831.107
1312,Bar,161,Flour,2086.4,2356.646,831.107
1313,Bar,161,Flour,2100.0,2364.972,782.139
1314,Bar,161,Dandy Boy Apples,2106.0,2364.558,782.849
1315,Hotel,162,2 Ball,906.5,2848.336,1944.409
1316,Introhouse,164,Pre-War Book,261.8,289.273,273.802
1317,Introhouse,164,Coffee Mug,456.9,955.476,1575.964
1318,SheriffOffice,164,Pre-War Book,1188.1,1897.797,1713.392
1319,Hotel,164,2 Ball,1652.5,2834.713,1943.182
1320,Hotel,164,Cue Ball,1653.3,2834.713,1943.182
1321,Hotel,164,8 Ball,1653.7,2834.713,1943.182
1322,Hotel,164,5 Ball,1654.5,2834.713,1943.182
1323,Hotel,164,10 Ball,1655.5,2834.713,1943.182
1324,Hotel,164,13 Ball,1659.7,2834.713,1943.182
1325,Hotel,164,Clipboard,1704.7,1240.199,1327.867
1326,Hotel,164,Sensor Module,1793.3,885.021,1166.807
1327,Hotel,164,Sensor Module,1794.1,885.021,1166.807
1328,Bar,165,Pre-War Book,2082.1,2096.994,903.557
1329,Bar,165,Pre-War Book,2083.7,2096.994,903.557
1330,Bar,165,Pre-War Book,2084.7,2096.994,903.557
1331,Bar,165,Pre-War Book,2086.3,2096.994,903.557
1332,Bar,166,Sunset Sarsaparilla,1107.0,0.000,0.000
1333,Bar,166,InstaMash,1198.8,2313.939,728.387
1334,Bar,166,InstaMash,1199.6,2313.939,728.387
1335,Bar,166,Sunset Sarsaparilla,1687.7,1775.728,613.268
1336,Bar,166,Sunset Sarsaparilla,1688.7,1775.728,613.268
1337,Bar,166,Sunset Sarsaparilla,1689.3,1775.728,613.268
1338,Bar,166,Sunset Sarsaparilla,1690.5,1714.909,533.220
1339,Bar,166,Sunset Sarsaparilla,1692.5,1759.947,507.056
1340,Bar,166,Sunset Sarsaparilla,1694.5,1846.633,439.948
1341,Bar,166,Sunset Sarsaparilla,1696.3,2058.717,555.500
1342,Bar,166,Sunset Sarsaparilla,1697.1,2058.717,555.500
1343,Bar,166,Sunset Sarsaparilla,1699.9,1972.390,717.471
1344,Bar,166,Empty Sunset Sarsaparilla Bottle,1702.5,1749.564,787.222
1345,Introhouse,166,Pre-War Book,102.8,0.000,0.000
1346,Introhouse,166,Pre-War Book,106.6,332.268,242.515
1347,Introhouse,166,Pre-War Book,107.6,332.268,242.515
1348,Introhouse,167,Pot,366.8,1784.715,305.838
1349,Introhouse,167,Coffee Mug,730.0,952.441,1575.964
1350,Introhouse,167,Coffee Mug,731.4,952.441,1575.964
1351,Bar,167,Sunset Sarsaparilla,989.2,1772.081,462.130
1352,Bar,167,Sunset Sarsaparilla,991.7,1772.081,462.130
1353,Introhouse,167,Pre-War Book,267.6,325.861,236.667
1354,Introhouse,167,Pre-War Book,273.0,325.861,236.667
1355,Bar,170,Sunset Sarsaparilla,1999.0,1724.017,589.648
1356,Bar,170,Sunset Sarsaparilla,2001.4,1724.017,589.648
1357,Introhouse,171,Pre-War Book,147.2,283.083,194.011
1358,Bar,171,Empty Sunset Sarsaparilla Bottle,1783.4,1667.358,766.309
1359,Bar,171,Toaster,1855.4,2306.909,755.172
1360,Bar,171,Sunset Sarsaparilla,1877.9,2009.189,930.876
1361,Introhouse,173,Pre-War Book,149.7,276.921,273.802
1362,Introhouse,173,Pre-War Book,158.1,274.183,265.444
1363,Introhouse,173,Coffee Mug,666.5,928.077,1546.491
1364,Introhouse,173,Coffee Mug,667.9,928.077,1546.491
1365,Introhouse,173,Pot,836.0,1789.999,264.253
1366,Introhouse,173,Pot,858.8,2057.441,267.625
1367,Introhouse,174,Pre-War Book,275.2,316.935,266.900
1368,Introhouse,174,Pre-War Book,278.4,316.769,266.890
1369,Introhouse,174,Pot,920.1,1784.944,261.696
1370,Introhouse,174,Pot,972.3,2071.501,300.186
1371,Introhouse,174,Coffee Mug,1209.4,959.894,1521.870
1372,Introhouse,174,Coffee Mug,1211.0,959.894,1521.870
1373,Bar,174,Empty Sunset Sarsaparilla Bottle,1495.7,1651.699,722.389
1374,Bar,174,Ashtray,1497.3,1651.699,722.389
1375,Bar,174,Empty Sunset Sarsaparilla Bottle,1498.5,1651.699,722.389
1376,Bar,174,Chessboard,1501.9,1573.729,781.870
1377,Bar,174,Pack of Cigarettes,1506.7,1573.729,781.870
1378,Bar,174,Ashtray,1508.5,1573.729,781.870
1379,Bar,174,Coffee Mug,1509.1,1573.729,781.870
1380,Bar,174,Sunset Sarsaparilla Star Bottle Cap,1512.1,1471.782,770.347
1381,Bar,174,Empty Sunset Sarsaparilla Bottle,1513.1,1471.782,770.347
1382,Bar,174,Empty Whiskey Bottle,1513.7,1471.782,770.347
1383,Bar,174,Ashtray,1516.3,1270.163,749.803
1384,Bar,174,Dinner Plate,1516.9,1270.163,749.803
1385,Bar,174,Empty Whiskey Bottle,1517.5,1270.163,749.803
1386,Bar,174,Shot glass,1518.1,1270.163,749.803
1387,Bar,174,Ashtray,1520.1,1263.462,952.746
1388,Bar,174,Ashtray,1522.5,1383.910,596.639
1389,Bar,174,Ashtray,1524.7,1370.440,595.111
1390,Bar,174,Cup,1526.3,1285.293,438.162
1391,Bar,174,Dinner Plate,1526.7,1285.293,438.162
1392,Bar,174,Ashtray,1526.9,1285.293,438.162
1393,Bar,174,Cup,1527.1,1285.293,438.162
1394,Bar,174,Empty Sunset Sarsaparilla Bottle,1527.3,1285.293,438.162
1395,Bar,174,Shot glass,1527.7,1285.293,438.162
1396,Bar,174,Dinner Plate,1528.1,1285.293,438.162
1397,Bar,174,Ashtray,1529.5,1414.774,432.490
1398,Bar,174,Pack of Cigarettes,1531.1,1602.976,442.464
1399,Bar,174,Shot glass,1531.1,1602.976,442.464
1400,Bar,174,Ashtray,1531.3,1602.976,442.464
1401,Bar,174,Glass Pitcher,1531.5,1602.976,442.464
1402,Bar,174,Empty Whiskey Bottle,1531.7,1602.976,442.464
1403,Bar,174,Shot glass,1531.9,1602.976,442.464
1404,Bar,174,Shot glass,1532.1,1602.976,442.464
1405,Bar,174,Shot glass,1532.7,1602.976,442.464
1406,Bar,174,Sunset Sarsaparilla,1539.7,1779.985,409.889
1407,Bar,174,Drinking Glass,1540.5,1779.985,409.889
1408,Bar,174,Sunset Sarsaparilla,1541.5,1779.985,409.889
1409,Bar,174,Ashtray,1542.3,1779.985,409.889
1410,Bar,174,Glass Pitcher,1543.3,1779.985,409.889
1411,Bar,174,Sunset Sarsaparilla,1544.7,1783.243,445.802
1412,Bar,174,Sunset Sarsaparilla,1546.1,1756.107,552.167
1413,Bar,174,Sunset Sarsaparilla,1547.9,1781.610,642.691
1414,Bar,174,Sunset Sarsaparilla,1551.3,1771.185,731.274
1415,Bar,174,Sunset Sarsaparilla,1551.9,1771.185,731.274
1416,Bar,174,Sunset Sarsaparilla,1555.1,1877.854,821.362
1417,Bar,174,Coffee Pot,1567.1,2056.432,655.280
1418,Bar,174,Carton of Cigarettes,1568.3,2056.432,655.280
1419,Bar,174,Carton of Cigarettes,1568.9,2056.432,655.280
1420,Bar,174,Sunset Sarsaparilla,1569.9,2056.432,655.280
1421,Bar,174,Sunset Sarsaparilla,1571.3,2056.432,655.280
1422,Bar,174,Nuka-Cola,1581.3,2062.792,588.979
1423,Bar,174,Nuka-Cola,1581.9,2062.792,588.979
1424,Bar,174,Nuka-Cola,1582.5,2062.792,588.979
1425,Bar,174,Purified Water,1592.1,2020.153,521.010
1426,Bar,174,Purified Water,1592.7,2020.153,521.010
1427,Bar,174,Purified Water,1593.1,2020.153,521.010
1428,Bar,174,Purified Water,1593.5,2020.153,521.010
1429,Bar,174,Purified Water,1594.1,2020.153,521.010
1430,Bar,174,Purified Water,1594.5,2020.153,521.010
1431,Bar,174,Purified Water,1595.7,2020.153,521.010
1432,Bar,174,Milk Bottle,1599.9,2062.791,466.080
1433,Bar,174,Milk Bottle,1600.7,2062.791,466.080
1434,Bar,174,Milk Bottle,1602.1,2062.791,466.080
1435,Bar,174,Milk Bottle,1602.7,2062.791,466.080
1436,Bar,174,Scotch,1612.1,2058.598,498.049
1437,Bar,174,Wine,1613.7,2058.598,498.049
1438,Bar,174,Whiskey,1617.9,2058.798,564.025
1439,Bar,174,Vodka,1623.1,2054.514,613.300
1440,Bar,174,Pressure Cooker,1640.5,2293.379,912.531
1441,Bar,174,Pot,1641.3,2293.379,912.531
1442,Bar,174,Flour,1658.9,2336.897,812.183
1443,Bar,174,Flour,1659.9,2336.897,812.183
1444,Bar,174,Dandy Boy Apples,1662.5,2336.897,812.183
1445,Bar,174,Dandy Boy Apples,1663.3,2336.897,812.183
1446,Bar,174,InstaMash,1664.1,2336.897,812.183
1447,Bar,174,InstaMash,1664.7,2336.897,812.183
1448,Bar,174,Toaster,1667.3,2336.897,812.183
1449,Bar,174,Tin Can,1667.7,2336.897,812.183
1450,Bar,174,Tin Can,1668.1,2336.897,812.183
1451,Bar,174,Tin Can,1668.5,2336.897,812.183
1452,SheriffOffice,174,Pre-War Book,2703.5,1978.548,1387.056
1453,SheriffOffice,174,Pre-War Book,2704.1,1978.548,1387.056
1454,SheriffOffice,174,Pre-War Book,2704.3,1978.548,1387.056
1455,SheriffOffice,174,Pre-War Book,2704.5,1978.548,1387.056
1456,SheriffOffice,174,Pre-War Book,2704.6,1978.548,1387.056
1457,SheriffOffice,174,Pre-War Book,2705.1,1978.548,1387.056
1458,SheriffOffice,174,Pre-War Book,2705.3,1978.548,1387.056
1459,SheriffOffice,174,Pre-War Book,2705.5,1978.548,1387.056
1460,SheriffOffice,174,Pre-War Book,2705.6,1978.548,1387.056
1461,SheriffOffice,174,Pre-War Book,2705.8,1978.548,1387.056
1462,SheriffOffice,174,Pre-War Book,2706.1,1978.548,1387.056
1463,SheriffOffice,174,Pre-War Book,2706.3,1978.548,1387.056
1464,SheriffOffice,174,Pre-War Book,2706.6,1978.548,1387.056
1465,SheriffOffice,174,Pre-War Book,2707.3,1978.548,1387.056
1466,SheriffOffice,174,Pre-War Book,2707.5,1978.548,1387.056
1467,SheriffOffice,174,Pre-War Book,2707.6,1978.548,1387.056
1468,SheriffOffice,174,Pre-War Book,2707.8,1978.548,1387.056
1469,SheriffOffice,174,Pre-War Book,2708.3,1978.518,1387.113
1470,SheriffOffice,174,Pre-War Book,2708.5,1978.518,1387.113
1471,SheriffOffice,174,Pre-War Book,2708.6,1978.518,1387.113
1472,SheriffOffice,174,Pre-War Book,2708.8,1978.518,1387.113
1473,SheriffOffice,174,Pre-War Book,2709.1,1978.504,1387.278
1474,SheriffOffice,174,Pre-War Book,2709.6,1978.475,1387.464
1475,SheriffOffice,174,Pre-War Book,2709.8,1978.475,1387.464
1476,SheriffOffice,174,Pre-War Book,2710.0,1978.475,1387.464
1477,SheriffOffice,174,Pre-War Book,2710.3,1978.475,1387.464
1478,SheriffOffice,174,Pre-War Book,2710.6,1978.475,1387.464
1479,SheriffOffice,174,Pre-War Book,2711.3,1978.475,1387.464
1480,SheriffOffice,174,Pre-War Book,2711.5,1978.475,1387.464
1481,SheriffOffice,174,Pre-War Book,2711.6,1978.475,1387.464
1482,SheriffOffice,174,Pre-War Book,2711.8,1978.475,1387.464
1483,SheriffOffice,174,Pre-War Book,2712.0,1978.475,1387.464
1484,SheriffOffice,174,Pre-War Book,2712.5,1978.443,1387.556
1485,SheriffOffice,174,Pre-War Book,2712.6,1978.356,1387.698
1486,SheriffOffice,174,Pre-War Book,2712.8,1978.356,1387.698
1487,SheriffOffice,174,Pre-War Book,2713.0,1978.356,1387.698
1488,SheriffOffice,174,Pre-War Book,2713.3,1978.214,1387.858
1489,SheriffOffice,174,Pre-War Book,2713.5,1978.104,1387.982
1490,SheriffOffice,174,Pre-War Book,2713.8,1978.104,1387.982
1491,SheriffOffice,174,Pre-War Book,2714.0,1978.104,1387.982
1492,SheriffOffice,174,Pre-War Book,2717.2,1979.908,1403.709
1493,Hotel,175,Pencil,1149.7,947.236,1288.382
1494,Introhouse,175,Coffee Mug,1521.4,940.062,1576.901
1495,Introhouse,176,Pre-War Book,124.2,266.934,266.763
1496,Bar,176,Sunset Sarsaparilla,1435.2,1746.722,555.044
1497,Bar,176,Sunset Sarsaparilla,1436.0,1746.775,555.093
1498,Bar,177,Empty Sunset Sarsaparilla Bottle,1751.9,1584.373,770.692
1499,Bar,177,Empty Sunset Sarsaparilla Bottle,1755.4,1584.369,770.699
1500,Bar,177,Coffee Mug,1762.4,1584.501,770.510
1501,Bar,177,Pack of Cigarettes,1764.4,1584.501,770.510
1502,Bar,177,Ashtray,1771.1,1584.298,770.594
1503,Bar,177,Chessboard,1773.9,1584.141,770.637
1504,Bar,177,Cup,1827.4,1266.518,533.606
1505,Bar,177,Dinner Plate,1829.0,1266.585,533.434
1506,Bar,177,Dinner Plate,1839.4,1286.877,669.872
1507,Bar,177,Ashtray,1841.2,1286.774,669.929
1508,Bar,177,Shot glass,1842.6,1286.774,669.929
1509,Bar,177,Empty Whiskey Bottle,1843.8,1286.774,669.929
1510,Bar,177,Ashtray,1847.4,1267.083,814.116
1511,Bar,177,Booth,1850.0,1267.085,814.261
1512,Bar,177,Booth,1855.4,1227.854,863.756
1513,Bar,177,Empty Whiskey Bottle,1857.8,1265.826,865.528
1514,Bar,177,Empty Sunset Sarsaparilla Bottle,1858.6,1266.106,865.524
1515,Bar,177,Sunset Sarsaparilla Star Bottle Cap,1859.6,1266.106,865.524
1516,Bar,177,Ashtray,1863.8,1364.200,603.935
1517,Bar,177,Ashtray,1865.2,1364.200,603.935
1518,Bar,177,Cup,1873.0,1256.638,309.595
1519,Bar,177,Ashtray,1874.2,1256.638,309.595
1520,Bar,177,Shot glass,1875.0,1256.638,309.595
1521,Bar,177,Empty Sunset Sarsaparilla Bottle,1902.8,1308.197,436.383
1522,Bar,177,Ashtray,1914.4,1308.302,436.427
1523,Bar,177,Pack of Cigarettes,1919.8,1531.897,436.428
1524,Bar,177,Shot glass,1922.0,1563.220,441.068
1525,Bar,177,Shot glass,1923.0,1563.220,441.068
1526,Bar,177,Empty Whiskey Bottle,1923.6,1563.220,441.068
1527,Bar,177,Glass Pitcher,1924.0,1563.220,441.068
1528,Bar,177,Ashtray,1924.8,1563.220,441.068
1529,Bar,177,Shot glass,1925.8,1563.220,441.068
1530,Bar,177,Shot glass,1926.6,1563.256,441.082
1531,Bar,177,Glass Pitcher,1930.0,1754.453,476.876
1532,Bar,177,Sunset Sarsaparilla,1931.6,1793.106,512.788
1533,Bar,177,Ashtray,1932.8,1793.062,513.029
1534,Bar,177,Shot glass,1933.2,1793.029,513.203
1535,Bar,177,Sunset Sarsaparilla,1933.8,1793.021,513.249
1536,Bar,177,Glass Pitcher,1934.6,1793.021,513.249
1537,Bar,177,Sunset Sarsaparilla,1940.4,1793.000,513.441
1538,Bar,177,Sunset Sarsaparilla,1943.8,1793.000,513.441
1539,Bar,177,Ashtray,1944.2,1793.000,513.441
1540,Bar,177,Drinking Glass,1945.8,1793.006,513.373
1541,Bar,177,Sunset Sarsaparilla,1949.0,1800.690,472.026
1542,Bar,177,Sunset Sarsaparilla,1968.2,1801.976,696.640
1543,Bar,177,Ashtray,1970.0,1802.613,697.401
1544,Bar,177,Shot glass,1970.8,1802.726,697.453
1545,Bar,177,Sunset Sarsaparilla,1973.0,1802.770,697.497
1546,Bar,177,Sunset Sarsaparilla,1983.6,1861.383,795.464
1547,Bar,177,Dinner Plate,1984.4,1861.383,795.464
1548,Bar,177,Dinner Plate,1985.2,1861.383,795.464
1549,Bar,177,Ashtray,1987.2,1860.474,796.442
1550,Bar,177,Carton of Cigarettes,2021.2,2128.270,724.298
1551,Bar,177,Carton of Cigarettes,2021.6,2128.270,724.298
1552,Bar,177,Coffee Pot,2023.2,2128.270,724.298
1553,Bar,177,Glass Pitcher,2032.4,2062.792,550.874
1554,Bar,177,Glass Pitcher,2033.0,2062.792,550.874
1555,Bar,177,Glass Pitcher,2033.4,2062.792,550.874
1556,Bar,177,Glass Pitcher,2034.0,2062.792,550.874
1557,Bar,177,Glass Pitcher,2034.4,2062.792,550.874
1558,Bar,177,Glass Pitcher,2035.0,2062.792,550.786
1559,Bar,177,Glass Pitcher,2035.4,2062.792,550.786
1560,Bar,177,Glass Pitcher,2035.8,2062.792,550.754
1561,Bar,177,Glass Pitcher,2036.4,2062.792,550.754
1562,Bar,177,Glass Pitcher,2037.0,2062.792,550.754
1563,Bar,177,Sunset Sarsaparilla,2047.0,2062.792,567.414
1564,Bar,177,Sunset Sarsaparilla,2053.0,2062.792,567.414
1565,Bar,177,Nuka-Cola,2058.2,2062.792,567.647
1566,Bar,177,Nuka-Cola,2059.8,2062.792,567.647
1567,Bar,177,Nuka-Cola,2060.2,2062.792,567.647
1568,Bar,177,Purified Water,2064.4,2062.792,567.647
1569,Bar,177,Purified Water,2065.2,2062.792,567.647
1570,Bar,177,Purified Water,2066.0,2062.792,567.647
1571,Bar,177,Purified Water,2066.6,2062.792,567.647
1572,Bar,177,Purified Water,2070.4,2062.792,567.575
1573,Bar,177,Cup,2073.0,2062.792,567.505
1574,Bar,177,Cup,2073.4,2062.792,567.505
1575,Bar,177,Cup,2074.6,2062.792,567.505
1576,Bar,177,Cup,2076.6,2062.792,567.505
1577,Bar,177,Shot glass,2077.6,2062.792,567.620
1578,Bar,177,Shot glass,2078.0,2062.792,567.620
1579,Bar,177,Shot glass,2078.4,2062.792,567.620
1580,Bar,177,Shot glass,2078.6,2062.792,567.620
1581,Bar,177,Shot glass,2079.0,2062.792,567.620
1582,Bar,177,Shot glass,2079.2,2062.792,567.620
1583,Bar,177,Shot glass,2079.6,2062.792,567.620
1584,Bar,177,Shot glass,2079.8,2062.792,567.756
1585,Bar,177,Shot glass,2080.2,2062.792,567.756
1586,Bar,177,Shot glass,2080.6,2062.792,567.756
1587,Bar,177,Shot glass,2081.6,2062.792,567.756
1588,Bar,177,Shot glass,2082.0,2062.792,567.756
1589,Bar,177,Shot glass,2083.2,2062.792,567.756
1590,Bar,177,Shot glass,2085.0,2062.792,567.756
1591,Bar,177,Shot glass,2085.6,2062.792,567.756
1592,Bar,177,Shot glass,2086.2,2062.792,567.756
1593,Bar,177,Drinking Glass,2088.2,2062.792,568.020
1594,Bar,177,Drinking Glass,2088.8,2062.792,568.020
1595,Bar,177,Drinking Glass,2089.2,2062.792,568.020
1596,Bar,177,Drinking Glass,2089.8,2062.792,568.020
1597,Bar,177,Drinking Glass,2090.4,2062.792,568.020
1598,Bar,177,Drinking Glass,2094.0,2062.792,650.013
1599,Bar,177,Coffee Mug,2095.6,2062.792,687.586
1600,Bar,177,Coffee Mug,2096.0,2062.792,687.586
1601,Bar,177,Coffee Mug,2096.4,2062.792,687.586
1602,Bar,177,Coffee Mug,2097.0,2062.792,687.586
1603,Bar,177,Coffee Mug,2097.6,2062.792,687.586
1604,Bar,177,Coffee Mug,2098.2,2062.792,687.586
1605,Bar,177,Sunset Sarsaparilla,2099.4,2062.792,687.586
1606,Bar,177,Sunset Sarsaparilla,2100.2,2062.792,687.586
1607,Bar,177,Sunset Sarsaparilla,2101.4,2062.792,687.586
1608,Bar,177,Sunset Sarsaparilla,2102.4,2062.792,687.586
1609,Bar,177,Cup,2106.2,2062.792,473.269
1610,Bar,177,Cup,2106.6,2062.792,473.269
1611,Bar,177,Cup,2107.8,2062.792,473.269
1612,Bar,177,Cup,2108.4,2062.792,473.269
1613,Bar,177,Cup,2109.0,2062.792,473.269
1614,Bar,177,Cup,2109.4,2062.792,473.269
1615,Bar,177,Cup,2110.2,2062.792,473.269
1616,Bar,177,Cup,2110.8,2062.792,473.269
1617,Bar,177,Cup,2111.2,2062.792,473.269
1618,Bar,177,Cup,2112.0,2062.792,473.269
1619,Bar,177,Cup,2112.4,2062.792,473.269
1620,Bar,177,Cup,2113.4,2062.792,473.269
1621,Bar,177,Milk Bottle,2115.2,2062.792,473.216
1622,Bar,177,Milk Bottle,2115.6,2062.792,473.216
1623,Bar,177,Milk Bottle,2116.4,2062.792,473.216
1624,Bar,177,Milk Bottle,2117.6,2062.792,473.216
1625,Bar,177,Purified Water,2124.4,2062.792,451.040
1626,Bar,177,Purified Water,2125.4,2062.792,451.040
1627,Bar,177,Scotch,2126.6,2062.792,451.040
1628,Bar,177,Wine,2142.8,2062.792,499.743
1629,Bar,177,Wine,2144.4,2062.792,499.743
1630,Bar,177,Wine,2162.3,2062.792,499.885
1631,Bar,177,Wine,2166.6,2062.792,499.885
1632,Bar,177,Scotch,2170.0,2062.792,499.885
1633,Bar,177,Scotch,2182.0,2062.792,499.763
1634,Bar,177,Scotch,2225.5,2065.098,428.225
1635,Bar,177,Whiskey,2232.7,2062.792,576.858
1636,Bar,177,Whiskey,2234.1,2062.792,576.858
1637,Bar,177,Whiskey,2236.7,2062.792,576.884
1638,Bar,177,Vodka,2244.1,2062.792,678.142
1639,Bar,177,Vodka,2246.1,2062.792,678.142
1640,Bar,177,Vodka,2248.9,2062.792,678.142
1641,Bar,177,Vodka,2251.3,2062.792,678.103
1642,Bar,177,Vodka,2253.1,2062.792,678.084
1643,Bar,177,Beer,2259.1,2062.792,678.185
1644,Bar,177,Beer,2282.7,2064.322,735.852
1645,Bar,177,Pot,2309.1,2290.488,900.231
1646,Bar,177,Pressure Cooker,2310.1,2290.574,900.299
1647,Bar,177,Dandy Boy Apples,2336.5,2355.753,839.108
1648,Bar,177,Dandy Boy Apples,2337.5,2355.753,839.108
1649,Bar,177,InstaMash,2338.3,2355.753,839.108
1650,Bar,177,InstaMash,2339.1,2355.753,839.108
1651,Bar,177,Tin Can,2339.9,2355.753,839.108
1652,Bar,177,Tin Can,2340.7,2355.753,839.108
1653,Bar,177,Toaster,2341.3,2355.753,839.108
1654,Bar,177,Tin Can,2341.9,2355.753,839.108
1655,Bar,177,Flour,2344.1,2355.858,838.563
1656,Bar,177,Flour,2344.7,2355.858,838.563
1657,Bar,178,Sunset Sarsaparilla,1710.5,1974.888,879.384
1658,Bar,178,Sunset Sarsaparilla,1712.1,1974.888,879.384
1659,Bar,178,Sunset Sarsaparilla,1718.7,1818.851,804.640
1660,Bar,178,Sunset Sarsaparilla,1721.1,1818.851,804.640
1661,Bar,178,Sunset Sarsaparilla,1725.1,1793.000,604.082
1662,Bar,178,Sunset Sarsaparilla,1729.5,1793.026,523.792
1663,Bar,178,Sunset Sarsaparilla,1731.1,1793.006,523.792
1664,Bar,178,Sunset Sarsaparilla,1735.7,1805.063,325.882
1665,Bar,178,Sunset Sarsaparilla,1745.5,1981.640,496.625
1666,Bar,178,Sunset Sarsaparilla,1746.5,1981.640,496.625
1667,AbandonedHouse,178,Large Scorched Book,1963.8,865.243,-1802.792
1668,AbandonedHouse,178,Red Plate,1966.4,865.243,-1802.792
1669,SheriffOffice,178,Pre-War Book,2294.3,1898.970,1708.148
1670,SheriffOffice,178,Pre-War Book,2299.3,1899.241,1707.951
1671,SheriffOffice,178,Pre-War Book,2300.1,1899.241,1707.951
1672,SheriffOffice,178,Pre-War Book,2300.7,1899.241,1707.951
1673,SheriffOffice,178,Pre-War Book,2301.1,1899.241,1707.951
1674,SheriffOffice,178,Pre-War Book,2301.7,1899.241,1707.951
1675,SheriffOffice,178,Pre-War Book,2303.3,1899.509,1707.781
1676,SheriffOffice,178,Pre-War Book,2324.6,1906.532,1446.207
1677,SheriffOffice,178,Pre-War Book,2325.0,1906.537,1446.207
1678,SheriffOffice,178,Pre-War Book,2328.3,1926.041,1361.569
1679,SheriffOffice,178,Pre-War Book,2328.6,1926.041,1361.569
1680,SheriffOffice,178,Pre-War Book,2328.8,1926.008,1361.624
1681,SheriffOffice,178,Pre-War Book,2329.0,1926.008,1361.624
1682,SheriffOffice,178,Pre-War Book,2329.3,1926.008,1361.624
1683,SheriffOffice,178,Pre-War Book,2329.5,1926.008,1361.624
1684,SheriffOffice,178,Pre-War Book,2329.6,1926.008,1361.624
1685,SheriffOffice,178,Pre-War Book,2329.8,1926.008,1361.624
1686,SheriffOffice,178,Pre-War Book,2330.0,1926.008,1361.624
1687,SheriffOffice,178,Pre-War Book,2330.3,1926.008,1361.624
1688,SheriffOffice,178,Pre-War Book,2330.3,1926.008,1361.624
1689,SheriffOffice,178,Pre-War Book,2330.5,1926.008,1361.624
1690,SheriffOffice,178,Pre-War Book,2330.6,1926.008,1361.624
1691,SheriffOffice,178,Pre-War Book,2330.8,1925.985,1361.683
1692,SheriffOffice,178,Pre-War Book,2331.0,1925.944,1361.752
1693,SheriffOffice,178,Pre-War Book,2331.3,1925.944,1361.752
1694,SheriffOffice,178,Pre-War Book,2331.3,1925.944,1361.752
1695,SheriffOffice,178,Pre-War Book,2331.5,1925.944,1361.752
1696,SheriffOffice,178,Pre-War Book,2331.7,1925.944,1361.752
1697,SheriffOffice,178,Pre-War Book,2331.8,1925.944,1361.752
1698,SheriffOffice,178,Pre-War Book,2332.0,1925.944,1361.752
1699,SheriffOffice,178,Pre-War Book,2332.3,1925.944,1361.752
1700,SheriffOffice,178,Pre-War Book,2332.5,1925.944,1361.752
1701,SheriffOffice,178,Pre-War Book,2332.6,1925.944,1361.752
1702,SheriffOffice,178,Pre-War Book,2332.8,1925.944,1361.752
1703,SheriffOffice,178,Pre-War Book,2333.0,1925.944,1361.752
1704,SheriffOffice,178,Pre-War Book,2333.2,1925.944,1361.752
1705,SheriffOffice,178,Pre-War Book,2333.2,1925.944,1361.752
1706,SheriffOffice,178,Pre-War Book,2333.5,1925.944,1361.752
1707,SheriffOffice,178,Pre-War Book,2333.8,1925.888,1361.902
1708,SheriffOffice,178,Pre-War Book,2334.6,1925.888,1361.902
1709,SheriffOffice,178,Pre-War Book,2335.0,1925.888,1361.902
1710,SheriffOffice,178,Pre-War Book,2335.6,1925.888,1361.902
1711,SheriffOffice,178,Pre-War Book,2336.0,1925.888,1361.902
1712,SheriffOffice,178,Pre-War Book,2336.2,1925.875,1362.109
1713,SheriffOffice,178,Pre-War Book,2338.8,1925.715,1362.647
1714,SheriffOffice,178,Pre-War Book,2343.2,1934.468,1320.844
1715,SheriffOffice,178,Pre-War Book,2343.8,1934.412,1320.876
1716,Introhouse,180,Pre-War Book,152.4,255.415,270.482
1717,Mine,180,Bent Tin Can,1259.7,3979.732,-1717.271
1718,Outside,180,Pressure Cooker,1468.2,8597.771,4693.927
1719,SheriffOffice,180,Pre-War Book,1682.2,1943.343,1422.457
1720,SheriffOffice,180,Pre-War Book,1682.4,1943.343,1422.457
1721,SheriffOffice,180,Pre-War Book,1682.6,1943.343,1422.457
1722,SheriffOffice,180,Pre-War Book,1682.8,1943.343,1422.457
1723,SheriffOffice,180,Pre-War Book,1683.0,1943.343,1422.457
1724,SheriffOffice,180,Pre-War Book,1683.2,1943.343,1422.457
1725,SheriffOffice,180,Pre-War Book,1683.4,1943.343,1422.457
1726,Bar,180,Sunset Sarsaparilla,1921.4,1788.080,505.752
1727,Bar,180,Sunset Sarsaparilla,1923.4,1788.080,505.752
1728,Bar,180,Sunset Sarsaparilla,1925.4,1878.800,329.974
1729,Bar,180,Sunset Sarsaparilla,1930.6,1780.206,595.824
1730,Bar,180,Sunset Sarsaparilla,1933.0,1734.590,684.445
1731,Bar,180,Sunset Sarsaparilla,1934.4,1755.829,751.345
1732,Bar,180,Sunset Sarsaparilla,1935.4,1857.038,803.455
1733,Bar,180,Sunset Sarsaparilla,1936.2,1857.038,803.455
1734,Bar,180,Sunset Sarsaparilla,1939.8,2062.792,572.336
1735,Bar,180,Sunset Sarsaparilla,1940.8,2062.792,572.336
1736,Mine,180,Buffalo Gourd Seed,2401.0,-181.305,2357.181
1737,Bar,181,Empty Sunset Sarsaparilla Bottle,1373.6,1472.165,769.669
1738,Bar,181,Empty Whiskey Bottle,1385.4,1471.852,770.069
1739,Introhouse,191,Pre-War Book,145.2,278.981,272.819
1740,Introhouse,191,Coffee Mug,997.0,1013.274,1515.389
1741,Bar,191,Sunset Sarsaparilla,1422.5,1765.544,613.572
1742,Bar,191,Glass Pitcher,1423.5,1765.544,613.572
1743,Bar,191,Sunset Sarsaparilla,1424.5,1765.576,613.652
1744,Bar,191,Ashtray,1426.9,1765.755,614.100
1745,Bar,191,Sunset Sarsaparilla,1428.3,1765.755,614.100
1746,Bar,191,Shot glass,1431.7,1765.755,614.100
1747,Bar,191,Ashtray,1432.9,1765.879,614.114
1748,Bar,191,Sunset Sarsaparilla,1434.1,1765.879,614.114
1749,Bar,191,Glass Pitcher,1439.9,1795.471,558.533
1750,Bar,191,Sunset Sarsaparilla,1441.3,1795.471,558.533
1751,Bar,191,Ashtray,1442.3,1795.471,558.533
1752,Bar,191,Sunset Sarsaparilla,1447.1,1802.255,464.186
1753,Bar,191,Drinking Glass,1448.1,1802.255,464.186
1754,Bar,191,Sunset Sarsaparilla,1454.5,1745.214,780.899
1755,Bar,191,Shot glass,1457.5,1829.816,801.499
1756,Bar,191,Dinner Plate,1461.3,1917.618,864.748
1757,Bar,191,Ashtray,1462.9,1917.618,864.748
1758,Bar,191,Sunset Sarsaparilla,1463.9,1917.750,864.753
1759,Bar,191,Dinner Plate,1465.3,1917.750,864.753
1760,Bar,191,Carton of Cigarettes,1469.9,2082.502,769.679
1761,Bar,191,Carton of Cigarettes,1470.7,2082.502,769.679
1762,Bar,191,Coffee Pot,1472.7,2082.502,769.679
1763,Bar,191,Sunset Sarsaparilla,1482.7,2062.792,700.358
1764,Bar,191,Sunset Sarsaparilla,1483.9,2062.792,700.358
1765,Bar,191,Glass Pitcher,1486.7,2062.792,560.617
1766,Bar,191,Glass Pitcher,1487.1,2062.792,560.617
1767,Bar,191,Glass Pitcher,1487.7,2062.792,560.617
1768,Bar,191,Glass Pitcher,1488.1,2062.792,560.617
1769,Bar,191,Glass Pitcher,1488.7,2062.792,560.617
1770,Bar,191,Glass Pitcher,1489.3,2062.792,560.617
1771,Bar,191,Glass Pitcher,1489.9,2062.792,560.617
1772,Bar,191,Glass Pitcher,1490.5,2062.792,560.617
1773,Bar,191,Glass Pitcher,1491.3,2062.792,560.617
1774,Bar,191,Glass Pitcher,1492.3,2062.792,560.617
1775,Bar,191,Shot glass,1495.5,2062.792,561.190
1776,Bar,191,Shot glass,1499.9,2062.792,561.190
1777,Bar,191,Shot glass,1500.5,2062.792,561.190
1778,Bar,191,Shot glass,1501.3,2062.792,561.190
1779,Bar,191,Shot glass,1501.9,2062.792,561.190
1780,Bar,191,Shot glass,1502.9,2062.792,561.419
1781,Bar,191,Shot glass,1504.1,2062.792,561.419
1782,Bar,191,Drinking Glass,1504.7,2062.792,561.419
1783,Bar,191,Drinking Glass,1505.3,2062.792,561.419
1784,Bar,191,Shot glass,1506.5,2062.792,561.419
1785,Bar,191,Drinking Glass,1507.5,2062.792,561.615
1786,Bar,191,Cup,1515.5,2000.714,421.160
1787,Bar,191,Cup,1516.3,2000.714,421.160
1788,Bar,191,Cup,1516.9,2000.714,421.160
1789,Bar,191,Cup,1517.7,2000.890,421.284
1790,Bar,191,Cup,1518.1,2000.890,421.284
1791,Bar,191,Cup,1518.7,2000.890,421.284
1792,Bar,191,Cup,1519.1,2000.890,421.284
1793,Bar,191,Cup,1519.5,2000.890,421.284
1794,Bar,191,Cup,1520.5,2000.890,421.284
1795,Bar,191,Cup,1522.5,2001.023,421.459
1796,Bar,191,Cup,1524.7,2001.023,421.459
1797,Bar,191,Drinking Glass,1536.5,2062.792,624.391
1798,Bar,191,Shot glass,1539.3,2062.792,624.391
1799,Bar,191,Shot glass,1542.9,2062.792,624.391
1800,Bar,191,Shot glass,1544.9,2062.792,624.391
1801,Bar,191,Shot glass,1548.3,2062.792,624.391
1802,Bar,191,Shot glass,1549.5,2062.792,624.391
1803,Bar,191,Shot glass,1550.3,2062.792,624.391
1804,Bar,191,Shot glass,1550.9,2062.792,624.391
1805,Bar,191,Shot glass,1551.5,2062.792,624.391
1806,Bar,191,Cup,1552.5,2062.792,624.391
1807,Bar,191,Cup,1553.3,2062.792,624.391
1808,Bar,191,Cup,1554.1,2062.792,624.391
1809,Bar,191,Cup,1554.7,2062.792,624.391
1810,Bar,191,Cup,1555.1,2062.792,624.391
1811,Bar,191,Nuka-Cola,1560.9,2062.792,624.645
1812,Bar,191,Nuka-Cola,1562.1,2062.792,624.823
1813,Bar,191,Nuka-Cola,1564.3,2062.792,624.823
1814,Bar,191,Purified Water,1571.3,2062.792,624.768
1815,Bar,191,Purified Water,1574.7,2062.792,624.768
1816,Bar,191,Wine,1591.3,2062.792,624.516
1817,Bar,191,Drinking Glass,1614.5,1998.991,646.146
1818,Bar,191,Drinking Glass,1615.9,1998.991,646.146
1819,Bar,191,Coffee Mug,1617.3,1999.083,646.268
1820,Bar,191,Coffee Mug,1623.5,1999.083,646.268
1821,Bar,191,Sunset Sarsaparilla,1634.1,1999.314,646.612
1822,Bar,191,Pre-War Book,1678.1,2090.512,865.141
1823,Bar,191,Pre-War Book,1678.7,2090.512,865.141
1824,Bar,191,Pre-War Book,1679.1,2090.512,865.141
1825,Bar,191,Pre-War Book,1680.5,2090.445,865.311
1826,Bar,191,Pre-War Book,1681.1,2090.318,865.471
1827,Bar,191,Pre-War Book,1681.5,2090.318,865.471
1828,Bar,191,Pre-War Book,1682.1,2090.318,865.471
1829,Bar,191,Pre-War Book,1682.5,2090.318,865.471
1830,Bar,191,Pre-War Book,1682.9,2090.318,865.471
1831,Bar,191,Pre-War Book,1683.3,2090.318,865.471
1832,Bar,191,Pre-War Book,1683.7,2090.318,865.471
1833,Bar,191,Pre-War Book,1684.1,2090.318,865.471
1834,Bar,191,Pre-War Book,1684.5,2090.318,865.471
1835,Bar,191,Pre-War Book,1685.1,2090.318,865.471
1836,Bar,191,Pre-War Book,1685.5,2090.318,865.471
1837,Bar,191,Pre-War Book,1685.9,2090.318,865.471
1838,Bar,191,Pre-War Book,1686.3,2090.318,865.471
1839,Bar,191,Pre-War Book,1686.7,2090.318,865.471
1840,Bar,191,Pre-War Book,1687.3,2090.318,865.471
1841,Bar,191,Pre-War Book,1687.7,2090.318,865.471
1842,Bar,191,Pre-War Book,1691.7,2090.046,865.536
1843,Bar,191,Pre-War Book,1692.1,2090.046,865.536
1844,Bar,191,Pre-War Book,1699.5,2089.730,865.650
1845,Bar,191,Pre-War Book,1702.3,2089.730,865.650
1846,Bar,191,Pre-War Book,1705.9,2089.569,865.785
1847,Bar,191,Pre-War Book,1706.9,2089.569,865.785
1848,Bar,191,Pre-War Book,1707.9,2089.569,865.785
1849,Bar,191,Pre-War Book,1708.9,2089.569,865.785
1850,Bar,191,Pre-War Book,1709.7,2089.569,865.785
1851,Bar,191,Pre-War Book,1711.7,2089.569,865.785
1852,Bar,191,Pre-War Book,1714.5,2089.386,865.898
1853,Bar,191,Pre-War Book,1724.3,2004.258,919.292
1854,Bar,191,Pre-War Book,1726.1,2004.258,919.292
1855,Bar,191,Pre-War Book,1726.7,2004.258,919.292
1856,Bar,191,Pre-War Book,1727.1,2004.258,919.292
1857,Bar,191,Pre-War Book,1728.1,2004.258,919.292
1858,Bar,191,Pre-War Book,1728.7,2004.258,919.292
1859,Bar,191,Pre-War Book,1730.3,2004.258,919.292
1860,Bar,191,Pre-War Book,1730.9,2004.258,919.292
1861,Bar,191,Pre-War Book,1731.5,2004.258,919.292
1862,Bar,191,Pre-War Book,1732.9,2004.258,919.292
1863,Bar,191,Pre-War Book,1733.7,2004.258,919.292
1864,Bar,191,Pre-War Book,1735.1,2004.258,919.292
1865,Bar,191,Pre-War Book,1742.3,1966.545,959.835
1866,Bar,191,Pre-War Book,1742.7,1966.545,959.835
1867,Bar,191,Pre-War Book,1744.1,1966.545,959.835
1868,Bar,191,Pre-War Book,1744.7,1966.545,959.835
1869,Bar,191,Pre-War Book,1747.1,1966.413,959.772
1870,Bar,191,Pre-War Book,1747.7,1966.413,959.772
1871,Bar,191,Pre-War Book,1747.9,1966.413,959.772
1872,Bar,191,Pre-War Book,1748.3,1966.413,959.772
1873,Bar,191,Pre-War Book,1748.7,1966.413,959.772
1874,Bar,191,Pre-War Book,1748.9,1966.413,959.772
1875,Bar,191,Pre-War Book,1749.7,1966.413,959.772
1876,Bar,191,Pre-War Book,1750.1,1966.413,959.772
1877,Bar,191,Pre-War Book,1753.5,1966.413,959.772
1878,Bar,191,Pre-War Book,1763.7,1974.080,949.968
1879,Bar,191,InstaMash,1807.5,2340.209,885.640
1880,Bar,191,Dandy Boy Apples,1808.5,2340.209,885.640
1881,Bar,191,Dandy Boy Apples,1809.1,2340.209,885.640
1882,Bar,191,InstaMash,1810.1,2340.209,885.640
1883,Bar,191,Tin Can,1811.7,2340.248,885.546
1884,Bar,191,Tin Can,1812.3,2340.248,885.546
1885,Bar,191,Tin Can,1812.9,2340.248,885.546
1886,Bar,191,Toaster,1813.7,2340.248,885.546
1887,Bar,191,Flour,1814.9,2340.248,885.546
1888,Bar,191,Flour,1815.5,2340.248,885.546
1889,Bar,191,Buffalo Gourd Seed,1820.7,2340.286,885.454
1890,Bar,191,Buffalo Gourd Seed,1822.1,2340.286,885.454
1891,Bar,191,Pot,1904.7,2309.223,870.313
1892,Bar,191,Pressure Cooker,1906.1,2309.223,870.313
1893,Bar,191,Ashtray,1972.1,1818.742,838.605
1894,Bar,191,Empty Sunset Sarsaparilla Bottle,1973.1,1818.742,838.605
1895,Bar,191,Empty Sunset Sarsaparilla Bottle,1974.9,1808.518,834.740
1896,Bar,191,Ashtray,2028.8,1563.037,933.447
1897,Bar,191,Chessboard,2029.6,1563.037,933.447
1898,Bar,191,Pack of Cigarettes,2035.2,1563.238,933.099
1899,Bar,191,Ashtray,2058.6,1337.582,984.913
1900,Bar,191,Empty Whiskey Bottle,2063.4,1266.955,814.994
1901,Bar,191,Ashtray,2064.8,1266.748,798.311
1902,Bar,191,Dinner Plate,2065.2,1266.806,795.001
1903,Bar,191,Shot glass,2066.0,1266.806,795.001
